tm,avgTa,minTa,maxTa,sumRn,iscs
2021-01-01,-4.2,-9.8,1.6,,
2021-01-02,-5.0,-8.4,-1.4,,
2021-01-03,-5.6,-9.1,-2.0,,
2021-01-04,-3.5,-8.4,0.3,0.0,{눈}2140-{눈}{강도0}2400-
2021-01-05,-5.5,-9.9,-2.1,0.0,-{눈}-{눈}{강도0}0300-0420. {눈}0510-{눈}{강도0}0600-0615. 
2021-01-06,-7.4,-12.0,-1.9,2.3,{눈}1830-{시정(미만)}{1km}{눈}1948-{시정(미만)}{0.5km}{눈}1950-{시정(이상)}{0.5km}{눈}2001-{시정(이상)}{1km}{눈}2010-{시정(미만)}{1km}{눈}2040-{시정(이상)}{1km}{눈}2050-{눈}{강도0}2100-2350. 
2021-01-07,-14.5,-16.5,-8.4,,
2021-01-08,-14.9,-18.6,-10.7,,
2021-01-09,-12.2,-16.6,-7.5,,
2021-01-10,-7.7,-12.8,-2.7,,
2021-01-11,-6.7,-9.6,-4.0,,
2021-01-12,-3.9,-9.3,-0.5,2.6,{눈}1340-{눈}{강도0}1500-{시정(미만)}{1km}{눈}1533-{시정(미만)}{0.5km}{눈}1555-{시정(이상)}{0.5km}{눈}1610-{시정(이상)}{1km}{눈}1656-{눈}{강도0}1800-2025. {눈}2310-2355.  {박무}2010-{박무}{강도0}2100-{박무}{강도1}2400-
2021-01-13,2.0,-3.0,8.3,0.0,{눈}0035-0115.  -{박무}-{박무}{강도1}0300-{박무}{강도0}0600-{박무}{강도0}0900-{박무}{강도0}1200-1315.  {황사}1350-{황사}{강도0}1500-{황사}{강도0}1800-{황사}{강도0}2100-{황사}{강도0}2400-
2021-01-14,1.7,-3.6,7.0,,-{황사}-{황사}{강도0}0300-{황사}{강도0}0600-0740. 
2021-01-15,4.5,-0.7,9.9,0.2,{비}1255-1320.  {박무}1510-{박무}{강도0}1800-2010. 
2021-01-16,-4.9,-8.7,-0.7,,{박무}0030-{박무}{강도0}0300-{박무}{강도0}0600-0640. 
2021-01-17,-5.5,-10.8,-1.3,0.0,{눈}1555-1645. {눈}1910-{눈}{강도0}2100-2335. 
2021-01-18,-3.8,-9.1,0.2,0.3,{눈}0155-0230. {눈}0320-0350. {눈}0420-0440. {눈}0930-{눈}{강도0}1200-1250. {눈}1350-1430. 
2021-01-19,-6.3,-11.6,-0.2,,
2021-01-20,-0.1,-6.6,7.1,,
2021-01-21,4.5,2.5,7.0,9.2,{비}1345-{비}{강도0}1500-{비}{강도0}1800-{비}{강도0}2100-{비}{강도0}2400- {박무}1450-{박무}{강도0}1500-{박무}{강도1}1800-{박무}{강도1}2100-{박무}{강도1}2400-
2021-01-22,5.5,4.8,6.6,0.1,-{비}-0040. {비}0310-0430.  -{박무}-{박무}{강도1}0300-{박무}{강도1}0600-{시정(미만)}{1km}{안개}0657-{안개}{강도0}0900-{시정(이상)}{1km}{박무}0920-{박무}{강도0}1200-{박무}{강도1}1500-{박무}{강도0}1800-{박무}{강도0}2100-{박무}{강도0}2400-
2021-01-23,7.6,4.8,12.2,,-{박무}-0055.  {채운}0750-0800. {햇무리}0950-1115.
2021-01-24,7.3,2.4,13.9,,
2021-01-25,7.9,3.0,13.9,,{채운}0955-1030. 
2021-01-26,5.3,1.7,7.4,1.7,{비}0820-{비}{강도0}0900-{비}{강도0}1200-1230. {안개비}1455-{안개비}{강도0}1500-1740.  {박무}0905-{박무}{강도0}1200-1210. {박무}1305-{박무}{강도0}1500-{박무}{강도0}1800-1820.
2021-01-27,1.7,-1.8,6.5,,{박무}0030-0110. 
2021-01-28,-2.6,-9.7,1.4,2.0,{눈}0935-{시정(미만)}{1km}{눈}0957-{시정(이상)}{1km}{눈}1046-1055.  {박무}1005-1120. 
2021-01-29,-8.8,-11.6,-4.9,,
2021-01-30,-1.6,-8.1,5.2,0.5,{눈}0340-0520. {눈}0725-{눈}{강도0}0900-1015. 
2021-01-31,3.2,-3.8,8.7,,
2021-02-01,5.0,-2.3,9.5,0.7,{비}0205-0255.  {박무}0740-{박무}{강도0}0900-1150. {박무}1240-{박무}{강도0}1500-{박무}{강도0}1800-1948. 
2021-02-02,-5.6,-8.2,-2.4,0.0,{눈}1855-{눈}{강도0}2100-2245. 
2021-02-03,-3.2,-9.4,1.4,3.4,{눈}1605-{눈}{강도0}1800-1830. {눈}1955-{눈}{강도0}2100-{시정(미만)}{1km}{눈}2110-{시정(이상)}{1km}{눈}2130-{시정(미만)}{1km}{눈}2301-{시정(이상)}{1km}{눈}2315-{시정(미만)}{1km}{눈}2340-{시정(이상)}{1km}{눈}2359-{눈}{강도0}2400- {박무}2320-{박무}{강도2}2400-
2021-02-04,-3.6,-7.4,0.7,0.1,-{눈}-0120.  -{박무}-0150. 
2021-02-05,1.4,-4.4,6.7,,{햇무리}1550-1630. 
2021-02-06,6.8,4.3,9.5,,{박무}1150-{박무}{강도0}1200-{박무}{강도0}1500-{박무}{강도0}1800-{박무}{강도0}2100-{박무}{강도1}2400-
2021-02-07,3.6,-2.6,7.7,,-{박무}-{박무}{강도1}0300-{박무}{강도2}0600-{시정(미만)}{1km}{안개}0738-{시정(미만)}{0.5km}{안개}0749-{시정(이상)}{0.5km}{안개}0800-{시정(이상)}{1km}{박무}0821-{박무}{강도2}0900-{박무}{강도0}1200-1255.  {연무}1250-1330. 
2021-02-08,-3.1,-5.4,0.2,,
2021-02-09,-0.9,-6.1,4.7,,
2021-02-10,3.4,-1.5,7.2,,{박무}2350-{박무}{강도0}2400-
2021-02-11,5.5,1.3,10.9,,-{박무}-{박무}{강도0}0300-{박무}{강도0}0600-{박무}{강도0}0900-1135.  {연무}1130-{연무}{강도0}1200-1450. {연무}1750-{연무}{강도0}1800-{연무}{강도0}2100-{연무}{강도0}2400-
2021-02-12,6.5,0.6,14.0,,{박무}0305-{박무}{강도0}0600-{박무}{강도0}0900-1010.  -{연무}-{연무}{강도0}0300-0310. {연무}1005-{연무}{강도0}1200-1210. {연무}1840-{연무}{강도0}2100-{연무}{강도0}2400-
2021-02-13,7.6,1.0,15.9,,-{연무}-0150. {연무}0350-{연무}{강도0}0600-{연무}{강도0}0900-{연무}{강도0}1200-1230. 
2021-02-14,9.5,6.4,13.8,0.0,{비}0505-0515.  {연무}1650-{연무}{강도0}1800-{연무}{강도0}2100-{연무}{강도0}2400-
2021-02-15,1.2,-5.2,8.2,1.4,{비}0130-0135. {비}0215-{비}{강도0}0300-0545. {비}0630-0825.  {박무}0350-{박무}{강도1}0600-{박무}{강도0}0900-1020.  -{연무}-{연무}{강도0}0300-0355. 
2021-02-16,-5.1,-7.0,-1.3,1.5,{눈}0852-{눈}{강도0}0900-{가루눈}1010-{가루눈}{강도1}1200-{눈}1345-1425. 
2021-02-17,-8.3,-10.4,-5.2,0.0,{눈}1950-2030. 
2021-02-18,-5.8,-10.6,-0.4,,
2021-02-19,1.6,-7.1,8.9,,
2021-02-20,8.8,5.5,14.9,,{박무}0320-{박무}{강도0}0600-{박무}{강도0}0900-1125.  {연무}1120-{연무}{강도0}1200-1215.
2021-02-21,10.8,4.7,17.4,,{박무}0405-{박무}{강도0}0600-{박무}{강도0}0900-1015.  {연무}0040-{연무}{강도0}0300-0410. {연무}1010-1040. 
2021-02-22,7.8,0.4,12.6,,{연무}1150-{연무}{강도0}1200-1345. 
2021-02-23,0.0,-3.1,4.3,,
2021-02-24,2.9,-3.0,10.1,,
2021-02-25,4.2,0.7,8.2,,
2021-02-26,8.2,0.5,15.8,,
2021-02-27,9.5,4.3,16.2,,
2021-02-28,7.8,3.2,10.8,,
2021-03-01,4.7,0.5,9.0,67.5,{비}0105-{비}{강도0}0300-{비}{강도0}0600-{비}{강도1}0900-{비}{강도1}1200-{비}{강도1}1500-{비}{강도0}1800-{진눈깨비}1810-{눈}1905-{눈}{강도0}2100-{눈}{강도0}2400- {박무}0350-0430. {박무}0520-{박무}{강도0}0600-{박무}{강도1}0900-{박무}{강도1}1200-{박무}{강도0}1500-{박무}{강도0}1800-{박무}{강도0}2100-{박무}{강도0}2400-
2021-03-02,2.3,0.2,6.9,0.1,-{눈}-0120.  -{박무}-0030. 
2021-03-03,4.4,-1.2,9.9,,
2021-03-04,7.2,2.5,13.0,,
2021-03-05,9.0,3.0,16.2,,
2021-03-06,6.6,3.2,11.6,,{박무}0350-{박무}{강도0}0600-0735. 
2021-03-07,6.2,2.1,12.2,,
2021-03-08,7.0,1.5,13.9,,
2021-03-09,6.6,2.1,12.2,,{박무}2250-{박무}{강도0}2400-
2021-03-10,8.8,1.7,17.1,,-{박무}-{박무}{강도0}0300-{박무}{강도0}0600-{박무}{강도0}0900-0945.  {연무}0940-1130. {연무}1740-{연무}{강도0}1800-{연무}{강도0}2100-{연무}{강도0}2400-
2021-03-11,10.2,4.7,17.1,,{박무}0630-{박무}{강도0}0900-0930.  -{연무}-{연무}{강도0}0300-{연무}{강도0}0600-0635. {연무}0925-{연무}{강도0}1200-{연무}{강도0}1500-1510. {연무}1640-{연무}{강도0}1800-1940. 
2021-03-12,10.5,7.2,14.9,0.0,{비}0605-0650. {비}1350-{비}{강도0}1500-1550.  {연무}0530-{연무}{강도0}0600-{연무}{강도0}0900-{연무}{강도0}1200-1310.
2021-03-13,9.2,4.6,14.2,,{연무}2255-{연무}{강도0}2400-
2021-03-14,9.1,4.9,14.7,,{박무}0215-{박무}{강도0}0300-{박무}{강도1}0600-{박무}{강도1}0900-1115.  -{연무}-0220. {연무}1110-{연무}{강도0}1200-1450. {연무}1740-{연무}{강도0}1800-1850. {연무}2010-{연무}{강도0}2100-{연무}{강도0}2400-
2021-03-15,10.6,5.1,15.7,1.7,{비}2245-{비}{강도0}2400- {박무}0230-{박무}{강도0}0300-{박무}{강도1}0600-{박무}{강도0}0900-1015. {박무}2210-{박무}{강도2}2400- -{연무}-0235. {연무}1005-{연무}{강도0}1200-{연무}{강도0}1500-1550. 
2021-03-16,8.4,4.9,13.1,1.3,-{비}-0225.  -{박무}-{박무}{강도1}0300-0440.  {황사}0945-{황사}{강도0}1200-{황사}{강도0}1500-{황사}{강도0}1800-{황사}{강도0}2100-{황사}{강도0}2400-
2021-03-17,8.8,1.8,17.5,,-{황사}-{황사}{강도0}0300-{황사}{강도0}0600-{황사}{강도0}0900-{황사}{강도0}1200-{황사}{강도0}1500-{황사}{강도0}1800-{황사}{강도0}2100-{황사}{강도0}2400-
2021-03-18,11.7,5.0,18.4,,-{황사}-0050. 
2021-03-19,15.3,11.4,20.2,,
2021-03-20,9.9,7.4,14.7,5.1,{비}0710-{비}{강도0}0900-{비}{강도0}1200-1445. {비}1830-{비}{강도0}2100-2125.  {박무}0930-{박무}{강도0}1200-1440. {박무}1825-{박무}{강도0}2100-2110. {박무}2235-{박무}{강도0}2400-
2021-03-21,5.8,3.1,8.6,0.3,{비}1210-1340.  -{박무}-{박무}{강도0}0300-{박무}{강도0}0600-{박무}{강도0}0900-1110.
2021-03-22,6.2,1.1,11.1,,
2021-03-23,9.1,2.5,16.4,,{박무}0650-0720. 
2021-03-24,10.8,5.7,16.9,,{박무}0610-0720. 
2021-03-25,11.9,6.8,19.0,,{박무}2045-{박무}{강도0}2100-{박무}{강도1}2400-
2021-03-26,12.6,4.8,20.6,,-{박무}-{박무}{강도1}0300-{박무}{강도2}0600-{박무}{강도1}0900-1010.  {연무}1005-{연무}{강도0}1200-1225. {연무}1315-1410. {연무}1840-{연무}{강도0}2100-2130. {연무}2320-{연무}{강도0}2400- {햇무리}1120-1220. {채운}1450-1510. 
2021-03-27,12.1,10.2,15.0,25.5,{비}0945-1020. {비}1130-{비}{강도0}1200-{비}{강도0}1500-{비}{강도1}1800-{비}{강도0}2100-{비}{강도0}2400- {박무}1355-{박무}{강도0}1500-{박무}{강도1}1800-{박무}{강도1}2100-{박무}{강도2}2400- -{연무}-0210.
2021-03-28,9.0,7.7,13.0,9.2,-{비}-{비}{강도0}0300-{안개비}0530-{안개비}{강도0}0600-{비}0650-{비}{강도0}0900-1050. {안개비}1135-{안개비}{강도0}1200-1240. {비}2055-{비}{강도0}2100-{안개비}2350-{안개비}{강도0}2400- -{박무}-{박무}{강도0}0300-{박무}{강도2}0600-{시정(미만)}{1km}{안개}0610-{시정(이상)}{1km}{박무}0640-{박무}{강도0}0900-{박무}{강도1}1200-{박무}{강도0}1500-1520. {박무}2035-{박무}{강도0}2100-{박무}{강도1}2400-
2021-03-29,10.2,7.3,14.6,0.2,-{안개비}-0245.  -{박무}-{시정(미만)}{1km}{안개}0105-{시정(이상)}{1km}{박무}0125-{박무}{강도2}0300-{박무}{강도2}0600-{박무}{강도1}0900-0920.  {황사}0210-{황사}{강도0}0300-{황사}{강도1}0600-{황사}{강도1}0900-{황사}{강도0}1200-{황사}{강도0}1500-{황사}{강도0}1800-{황사}{강도0}2100-{황사}{강도0}2400-
2021-03-30,10.8,4.1,18.2,,{박무}0405-0515.  -{황사}-{황사}{강도0}0300-{황사}{강도0}0600-{황사}{강도0}0900-{황사}{강도0}1200-{황사}{강도0}1500-{황사}{강도0}1800-{황사}{강도0}2100-2220. 
2021-03-31,14.5,5.9,22.9,,
2021-04-01,17.7,12.0,24.0,,{햇무리}1350-1430.
2021-04-02,17.8,12.5,23.0,0.0,{비}1820-1910.
2021-04-03,14.9,10.9,18.0,56.2,{비}0728-{비}{강도0}0900-{비}{강도1}1200-{비}{강도1}1500-{비}{강도1}1800-{비}{강도0}2100-{비}{강도0}2400- {박무}0945-{박무}{강도2}1200-{박무}{강도1}1500-{박무}{강도1}1800-1855. {박무}1910-{박무}{강도0}2100-2210.
2021-04-04,11.9,9.0,15.8,0.6,-{비}-{비}{강도0}0300-0545.  {박무}0010-0110.
2021-04-05,11.9,5.4,19.3,,
2021-04-06,13.9,9.4,19.2,,{채운}0755-0950.
2021-04-07,14.1,8.1,20.4,,{연무}0420-{연무}{강도0}0600-0725. {연무}0920-1030. 
2021-04-08,13.0,7.2,18.0,,
2021-04-09,13.6,7.6,19.6,,
2021-04-10,12.6,7.7,18.8,,
2021-04-11,15.0,7.5,21.8,,
2021-04-12,13.8,11.9,17.8,22.0,{비}0950-{비}{강도0}1200-{비}{강도0}1500-{비}{강도0}1800-{비}{강도0}2100-{비}{강도1}2400- {박무}1820-{박무}{강도1}2100-{박무}{강도2}2400-
2021-04-13,10.4,5.7,13.5,8.0,-{비}-{비}{강도0}0300-{안개비}0440-{안개비}{강도0}0600-0645.  -{박무}-{박무}{강도1}0300-{박무}{강도0}0600-0640.
2021-04-14,8.4,3.1,13.3,,
2021-04-15,11.6,6.3,18.3,,
2021-04-16,11.3,8.1,14.8,0.7,{비}0520-0550. {비}1030-{비}{강도0}1200-1330.  {박무}1055-{박무}{강도1}1200-1405.  {황사}1555-{황사}{강도0}1800-{황사}{강도0}2100-{황사}{강도0}2400-
2021-04-17,9.6,6.0,14.6,0.0,{비}1155-{비}{강도0}1200-1250. {비}1335-1345. {소나기}1615-1645.  -{황사}-{황사}{강도0}0300-{황사}{강도0}0600-{황사}{강도0}0900-{황사}{강도0}1200-{황사}{강도0}1500-{황사}{강도0}1800-1935. 
2021-04-18,9.9,5.6,15.3,,
2021-04-19,12.2,5.8,19.4,,
2021-04-20,14.8,8.1,22.0,,{박무}0510-{박무}{강도0}0600-0840. 
2021-04-21,19.1,10.3,28.2,,
2021-04-22,20.9,16.1,27.5,,
2021-04-23,19.0,17.0,21.7,0.0,{비}0340-{비}{강도0}0600-0715. {비}1245-1310.
2021-04-24,18.3,15.3,22.2,0.0,{비}1410-1450.
2021-04-25,18.2,12.6,24.0,,
2021-04-26,16.2,12.3,20.6,,
2021-04-27,15.4,12.5,20.0,1.7,{비}0705-0750. {비}1755-{비}{강도0}1800-1850. {비}2050-{비}{강도0}2100-2150. {비}2240-{비}{강도0}2400- {박무}2350-{박무}{강도1}2400-
2021-04-28,14.5,11.2,18.2,4.7,-{비}-0120.  -{박무}-{박무}{강도0}0300-{박무}{강도0}0600-{박무}{강도0}0900-1105.  {햇무리}1040-1550.
2021-04-29,14.6,10.9,20.1,3.9,{비}0915-1130. {비}1220-1245. {비}2220-{비}{강도1}2400- {박무}2250-{박무}{강도1}2400-
2021-04-30,11.3,8.6,14.6,26.3,-{비}-{비}{강도1}0300-{비}{강도0}0600-{비}{강도0}0900-0920. {비}1515-1540.  -{박무}-{박무}{강도0}0300-0515. {박무}1820-{박무}{강도0}2100-2120.
2021-05-01,10.2,8.5,15.3,8.0,{비}0425-0550. {비}0645-0825. {비}0925-1020. {비}1320-{비}{강도1}1500-{비}{강도0}1800-1810. {비}2110-{비}{강도0}2400- {박무}0320-{박무}{강도0}0600-0745. {박무}1425-{박무}{강도0}1500-1550.
2021-05-02,12.4,7.3,18.7,1.7,-{비}-0230.
2021-05-03,14.1,8.4,20.3,,
2021-05-04,13.8,11.4,15.8,19.6,{비}0630-{비}{강도0}0900-1040. {비}1155-{비}{강도0}1200-{비}{강도1}1500-{비}{강도0}1800-{비}{강도1}2100-{비}{강도0}2400- {박무}1440-{박무}{강도1}1500-{박무}{강도1}1800-{시정(미만)}{1km}{안개}2010-{안개}{강도0}2100-{시정(이상)}{1km}{박무}2132-{박무}{강도0}2400-
2021-05-05,13.9,10.3,18.4,0.1,-{비}-0030.  -{박무}-0020.
2021-05-06,15.7,7.9,23.1,,
2021-05-07,14.4,10.7,17.2,8.8,{비}0915-1045.  {박무}0930-1020. {박무}2350-{박무}{강도2}2400- {황사}1140-{황사}{강도0}1200-{황사}{강도0}1500-{황사}{강도0}1800-{황사}{강도0}2100-{황사}{강도1}2400-
2021-05-08,14.3,8.9,21.0,,-{박무}-{박무}{강도0}0300-{박무}{강도0}0600-0820. {박무}2020-{박무}{강도0}2100-2335.  -{황사}-{황사}{강도0}0300-{황사}{강도0}0600-{황사}{강도0}0900-{황사}{강도0}1200-{황사}{강도0}1500-{황사}{강도0}1800-{황사}{강도0}2100-{황사}{강도0}2400-
2021-05-09,15.7,10.0,21.8,,-{황사}-0130.
2021-05-10,13.2,11.7,14.6,0.0,{비}0505-{비}{강도0}0600-0720. {비}1050-1140.
2021-05-11,18.5,9.4,25.7,,
2021-05-12,22.0,16.9,27.7,,{채운}0855-1030. {채운}1150-1345. {채운}1450-1510.
2021-05-13,22.9,16.6,29.6,,
2021-05-14,24.1,18.0,30.8,,{연무}2350-{연무}{강도0}2400- {햇무리}1150-1230. {채운}1255-1330. {햇무리}1450-1520. 
2021-05-15,22.1,20.8,26.2,15.0,{비}0255-{비}{강도0}0300-0550. {비}1255-{비}{강도0}1500-{비}{강도0}1800-{비}{강도0}2100-{비}{강도0}2400- {박무}0320-{박무}{강도0}0600-0750. {박무}1320-{박무}{강도0}1500-{박무}{강도1}1800-{박무}{강도0}2100-{박무}{강도2}2400- -{연무}-{연무}{강도0}0300-0325. {연무}0945-1030.
2021-05-16,18.4,14.8,20.8,66.9,-{비}-{비}{강도0}0300-{비}{강도0}0600-{비}{강도1}0900-{비}{강도1}1200-{비}{강도0}1500-{비}{강도1}1800-{비}{강도0}2100-{비}{강도0}2400- -{박무}-{박무}{강도0}0300-0510. {박무}0625-{박무}{강도1}0900-{박무}{강도1}1200-{박무}{강도1}1500-{박무}{강도1}1800-{박무}{강도0}2100-2155.
2021-05-17,15.3,14.2,16.7,3.1,-{비}-0030. {비}0235-{비}{강도0}0300-0455. {안개비}0555-{안개비}{강도0}0600-{비}0810-{비}{강도0}0900-{안개비}1020-{비}1045-{비}{강도0}1200-{안개비}1435-{안개비}{강도0}1500-1655.  {박무}0605-0735. {박무}1025-{박무}{강도0}1200-1205. {박무}1350-1445. {박무}1510-1605.
2021-05-18,17.9,13.6,24.5,,{박무}0005-0035. {박무}0350-0450. {박무}0605-0750. 
2021-05-19,19.9,12.4,26.6,,
2021-05-20,18.7,15.6,22.9,0.9,{비}0730-{비}{강도0}0900-0940. {비}1010-1150. {비}1301-1330. {비}1620-1755. {비}1845-{비}{강도0}2100-{비}{강도0}2400-
2021-05-21,16.0,14.2,18.2,6.9,-{비}-{비}{강도0}0300-{비}{강도0}0600-{비}{강도0}0900-{비}{강도0}1200-{비}{강도0}1500-1505. {비}2355-{비}{강도0}2400- {박무}0105-{박무}{강도0}0300-{박무}{강도0}0600-0655.
2021-05-22,18.6,13.8,23.8,0.2,-{비}-0005. {비}0115-0205.  {박무}0250-{박무}{강도0}0300-{박무}{강도0}0600-0630.
2021-05-23,19.5,14.3,25.1,,{박무}0210-{박무}{강도0}0300-{박무}{강도0}0600-0650. 
2021-05-24,19.4,16.4,24.5,,{황사}1540-{황사}{강도0}1800-{황사}{강도0}2100-{황사}{강도0}2400-
2021-05-25,15.3,11.9,19.3,8.3,{비}0455-{비}{강도0}0600-{비}{강도0}0900-0930.  {박무}0455-{박무}{강도1}0600-{박무}{강도0}0900-0915.  -{황사}-{황사}{강도0}0300-{황사}{강도0}0600-0850.
2021-05-26,18.0,11.5,23.0,0.0,{비}1730-{비}{강도0}1800-1810. 
2021-05-27,15.8,13.9,18.7,8.9,{비}0625-{비}{강도0}0900-{안개비}1030-{안개비}{강도0}1200-1220.  {박무}0650-{박무}{강도1}0900-0950. {박무}1020-{박무}{강도0}1200-1440. {박무}2005-{박무}{강도0}2100-{박무}{강도0}2400-
2021-05-28,15.3,12.4,19.7,12.3,{비}0245-{비}{강도0}0300-{비}{강도1}0600-{비}{강도0}0900-1035.  -{박무}-{박무}{강도1}0300-{박무}{강도2}0600-{박무}{강도0}0900-0950. 
2021-05-29,15.4,12.8,19.1,0.3,{비}1125-{비}{강도0}1200-{비}{강도0}1500-{비}{강도0}1800-1950. 
2021-05-30,18.4,10.8,26.3,18.1,{비}1910-2030. {비}2120-{소나기}2235-{시정(미만)}{1km}{소나기}2255-{시정(이상)}{1km}{소나기}2310-{소나기}{강도1}2400- {박무}0330-0405. {박무}1935-{박무}{강도0}2100-{박무}{강도1}2400-
2021-05-31,19.9,16.5,23.8,4.0,-{소나기}-{비}0130-0215. {비}0315-0330.  -{박무}-0240. {박무}0510-{박무}{강도0}0600-0710. 
2021-06-01,20.2,15.9,23.9,3.2,{비}0433-0443. {비}0515-{비}{강도0}0600-0835. {비}1530-1625.  {박무}0755-0820. {박무}2245-{박무}{강도0}2400-
2021-06-02,23.2,16.6,29.7,,-{박무}-{박무}{강도0}0300-{박무}{강도0}0600-0725.  {햇무리}1045-1130. 
2021-06-03,19.1,14.6,22.7,18.1,{비}1040-1110. {비}1210-{비}{강도0}1500-{비}{강도0}1800-{비}{강도1}2100-2350.  {박무}1330-{박무}{강도0}1500-{박무}{강도1}1800-2050. 
2021-06-04,18.5,13.3,23.6,,
2021-06-05,20.8,17.0,25.7,,{박무}2140-{박무}{강도0}2400-
2021-06-06,23.0,18.4,28.2,,-{박무}-{박무}{강도0}0300-{박무}{강도0}0600-{박무}{강도0}0900-1040. 
2021-06-07,21.1,19.4,24.0,0.0,{비}0835-{비}{강도0}0900-1015. {비}1210-1335. {비}1455-{비}{강도0}1500-1525. 
2021-06-08,23.6,18.8,29.5,0.1,{비}0420-0515.
2021-06-09,25.8,19.5,31.6,,
2021-06-10,24.9,20.5,29.8,6.1,{비}1720-{비}{강도0}1800-{비}{강도0}2100-{비}{강도1}2400- {박무}1855-{박무}{강도0}2100-2120. {박무}2250-{박무}{강도0}2400-
2021-06-11,21.5,19.9,24.4,4.6,-{비}-{비}{강도0}0300-0410.  -{박무}-0130. {박무}0220-{박무}{강도0}0300-0405. {박무}2220-2310.
2021-06-12,24.2,18.2,30.2,,{박무}0030-{박무}{강도0}0300-{박무}{강도0}0600-0740.  {햇무리}1050-1410. 
2021-06-13,24.8,20.9,29.7,,{햇무리}0650-0910. 
2021-06-14,24.8,18.9,30.2,,{박무}0540-{박무}{강도0}0600-0730.  {연무}1535-1745. 
2021-06-15,22.5,21.5,25.3,1.9,{비}0225-{비}{강도0}0300-0350. {비}0440-0520. {비}0740-{비}{강도0}0900-{비}{강도0}1200-1330.  {박무}0405-{박무}{강도0}0600-{박무}{강도0}0900-1105.
2021-06-16,24.3,20.3,28.9,,
2021-06-17,21.9,19.6,25.0,0.0,{비}1510-1715. {비}2120-2330.  {박무}2205-{박무}{강도0}2400-
2021-06-18,20.0,19.0,21.4,6.3,{비}0140-{비}{강도0}0300-{비}{강도0}0600-{비}{강도0}0900-{비}{강도0}1200-1255. {안개비}2310-2355.  -{박무}-{박무}{강도0}0300-{박무}{강도1}0600-{박무}{강도1}0900-1150. {박무}1245-1405. {박무}2240-{박무}{강도0}2400-
2021-06-19,22.3,17.5,27.4,,-{박무}-{박무}{강도0}0300-{박무}{강도0}0600-{박무}{강도0}0900-0915.
2021-06-20,22.9,17.6,29.0,,{박무}0040-{박무}{강도0}0300-0450. {박무}0550-{박무}{강도0}0600-0710. {박무}1855-{박무}{강도0}2100-{박무}{강도0}2400-
2021-06-21,23.6,19.2,28.5,,-{박무}-{박무}{강도0}0300-{박무}{강도0}0600-0830. 
2021-06-22,22.8,19.7,28.6,0.0,{비}0250-{비}{강도0}0300-0320. {소나기}1410-1450. {소나기}1815-1850. {소나기}2015-2035. 
2021-06-23,22.4,18.8,27.9,7.5,{소나기}1530-1610. 
2021-06-24,23.0,18.5,28.0,,
2021-06-25,24.1,19.5,29.5,,{박무}0210-{박무}{강도0}0300-{박무}{강도0}0600-0830. 
2021-06-26,22.8,19.9,26.7,4.5,{비}0120-{비}{강도0}0300-{비}{강도0}0600-0850. {비}0935-{비}{강도0}1200-1330.  {박무}0330-{박무}{강도0}0600-0610. {박무}0805-0845.
2021-06-27,24.5,19.8,30.8,38.2,{소나기}1820-{시정(미만)}{1km}{소나기}1830-{시정(이상)}{1km}{소나기}1910-{비}1920-{비}{강도0}2100-2145. 
2021-06-28,23.7,21.0,29.2,0.1,{비}0715-0750. {소나기}1525-1550. {소나기}1635-1650. {소나기}1810-1835. 
2021-06-29,23.9,21.3,28.4,8.0,{소나기}1340-1355. {소나기}1610-1735.  {박무}1650-1730. {박무}1810-1950. {박무}2310-{박무}{강도0}2400-
2021-06-30,24.3,21.0,28.8,6.0,{소나기}1159-{소나기}{강도0}1200-1320.  -{박무}-{박무}{강도0}0300-{박무}{강도0}0600-{박무}{강도0}0900-1120. 
2021-07-01,26.3,21.4,31.0,,{박무}0250-{박무}{강도0}0300-0340. {박무}0430-0520. 
2021-07-02,27.1,23.6,31.8,,
2021-07-03,22.6,19.6,25.7,60.0,{비}1435-{비}{강도0}1500-{비}{강도1}1800-{비}{강도1}2100-{비}{강도1}2400- {박무}1550-{박무}{강도0}1800-{박무}{강도1}2100-{박무}{강도0}2400-
2021-07-04,21.4,19.8,23.1,21.4,-{비}-{비}{강도0}0300-{비}{강도0}0600-{비}{강도0}0900-{비}{강도0}1200-{비}{강도0}1500-{안개비}1640-{안개비}{강도0}1800-1820.  -{박무}-0230. {박무}0310-{박무}{강도1}0600-{박무}{강도1}0900-{박무}{강도1}1200-1420. {박무}1650-{박무}{강도0}1800-1855.
2021-07-05,23.3,20.1,26.9,,{햇무리}1150-1320. 
2021-07-06,25.3,21.0,30.1,,{박무}0155-{박무}{강도0}0300-{박무}{강도0}0600-0650.  {연무}1530-1630. 
2021-07-07,26.4,23.9,29.1,12.7,{비}0350-0455. {소나기}2025-{소나기}{강도1}2100-{시정(미만)}{1km}{소나기}2102-{시정(이상)}{1km}{소나기}2113-{비}2135-{비}{강도0}2400- {박무}0330-{박무}{강도0}0600-0810. {박무}2045-{박무}{강도2}2100-{박무}{강도0}2400-
2021-07-08,26.0,23.8,29.8,2.9,-{비}-0140. {소나기}1359-1419.  -{박무}-{박무}{강도1}0300-{박무}{강도0}0600-{박무}{강도0}0900-1030.
2021-07-09,25.5,23.6,29.2,0.0,{비}0935-0945. {비}1140-1145.
2021-07-10,25.9,23.1,29.2,0.5,{비}0345-0410. {소나기}0502-0555. {소나기}0625-0635. {소나기}0705-0745. {비}0950-1030.  {박무}0920-1155. {박무}2315-{박무}{강도0}2400-
2021-07-11,25.7,24.1,27.5,0.4,{소나기}0535-{소나기}{강도0}0600-{안개비}0735-0840. {비}1045-{비}{강도0}1200-1250.  -{박무}-0145. {박무}0550-{박무}{강도0}0600-{박무}{강도0}0900-1110.
2021-07-12,28.1,23.8,32.5,,
2021-07-13,28.8,26.3,31.5,,{박무}0350-0410. 
2021-07-14,29.7,26.1,33.5,,
2021-07-15,29.1,25.9,34.5,0.0,{소나기}0120-0135. {소나기}1610-1630. {소나기}1801-1930.  {무지개}1925-2000.
2021-07-16,28.8,24.2,35.2,,
2021-07-17,29.1,24.7,32.8,0.0,{소나기}1815-1825. 
2021-07-18,29.6,25.7,34.1,,
2021-07-19,26.4,24.0,30.5,67.4,{소나기}1310-1340. {소나기}1355-{시정(미만)}{1km}{소나기}1428-{시정(미만)}{0.5km}{소나기}1433-{시정(이상)}{0.5km}{소나기}1455-{소나기}{강도2}1500-{시정(이상)}{1km}{소나기}1501-{비}1620-1740. {비}1940-2025.  {무지개}1920-2010. 
2021-07-20,27.9,23.6,31.8,0.0,{소나기}1515-1530. {소나기}1635-1710.  {햇무리}1145-1220. 
2021-07-21,30.5,25.3,35.3,,
2021-07-22,31.2,26.5,35.9,,
2021-07-23,31.2,27.2,35.8,,
2021-07-24,31.7,26.9,36.5,,
2021-07-25,31.5,27.2,35.9,,
2021-07-26,31.2,27.4,35.4,,
2021-07-27,31.1,27.8,35.7,,
2021-07-28,30.4,27.1,34.7,0.0,{소나기}1345-1410. {소나기}1525-1620. 
2021-07-29,29.6,27.0,33.3,,
2021-07-30,30.5,25.8,35.4,,
2021-07-31,29.8,26.8,34.3,3.0,{비}0105-{비}{강도0}0300-0350.
2021-08-01,27.1,25.1,28.8,21.0,{비}0525-0540. {비}0610-0635. {비}0750-0820. {비}0920-1120. {비}1210-{비}{강도0}1500-1620. {비}1730-1750. {비}1815-{비}{강도1}2100-{비}{강도0}2400- {박무}0940-1105. {박무}1950-{박무}{강도1}2100-2150. {박무}2210-2310.
2021-08-02,26.5,25.0,28.6,1.7,-{비}-0020. {비}0350-0415. {비}0505-{비}{강도0}0600-{비}{강도0}0900-0930. {비}1150-{비}{강도0}1200-1335.  {박무}0750-0845.
2021-08-03,28.0,24.1,31.4,0.0,{소나기}1604-1625.
2021-08-04,28.9,26.3,33.2,,
2021-08-05,29.4,25.6,33.7,,
2021-08-06,28.1,26.0,32.2,,
2021-08-07,28.0,23.4,32.3,,
2021-08-08,26.8,24.4,32.1,12.7,{소나기}1455-{소나기}{강도0}1500-{비}1725-{비}{강도0}1800-1930. 
2021-08-09,28.3,23.3,33.6,,
2021-08-10,27.7,24.3,32.2,,
2021-08-11,27.4,24.1,31.6,0.0,{비}0715-0830. 
2021-08-12,26.8,24.0,31.7,0.0,{비}1805-1910.
2021-08-13,26.6,23.4,30.1,,
2021-08-14,26.1,23.4,30.5,,
2021-08-15,26.9,21.7,32.4,,
2021-08-16,27.3,22.5,32.8,0.0,{소나기}1945-2015. {소나기}2130-2155. 
2021-08-17,25.9,21.9,31.3,9.3,{소나기}1755-{소나기}{강도0}1800-{소나기}{강도1}2100-2235.  {박무}1930-{박무}{강도0}2100-2120. 
2021-08-18,24.3,20.6,31.0,5.6,{비}0445-0455. {소나기}0702-{소나기}{강도0}0900-1050.
2021-08-19,26.0,21.0,31.5,,
2021-08-20,26.6,22.6,30.7,0.0,{소나기}0330-0345. {소나기}2255-2315.
2021-08-21,23.8,21.0,25.5,62.8,{비}0620-{비}{강도0}0900-{비}{강도1}1200-1350. {비}1615-{비}{강도0}1800-1845. {비}1925-2045.  {박무}0915-{박무}{강도2}1200-{시정(미만)}{1km}{안개}1256-{시정(이상)}{1km}{박무}1312-1345. {박무}1940-2010.
2021-08-22,24.4,22.4,27.0,0.0,{비}0040-0140.  {햇무리}1150-1225.
2021-08-23,22.4,21.0,24.0,7.4,{비}1135-{비}{강도0}1200-{비}{강도0}1500-{비}{강도0}1800-{비}{강도0}2100-2150. {비}2225-2330.  {박무}0150-{박무}{강도0}0300-0450. {박무}1250-{박무}{강도0}1500-1550. {박무}1840-1920. 
2021-08-24,23.4,21.1,26.4,10.5,{비}0235-{비}{강도0}0300-0540. {비}0640-0755. {비}0850-{비}{강도0}0900-0950. {비}1125-{비}{강도0}1200-1355. {비}1450-{비}{강도0}1500-1655. {비}1805-2045.  {박무}1230-1350. {박무}1810-2015.
2021-08-25,25.0,23.5,27.3,0.3,{비}0150-{비}{강도0}0300-0320. {비}0705-0750. {비}1005-1040. {비}1155-{비}{강도0}1200-1320.  {박무}0605-0710.
2021-08-26,25.5,22.9,27.9,0.7,{비}1520-1540. {비}1835-1925.  {박무}2010-{박무}{강도0}2100-{박무}{강도0}2400-
2021-08-27,22.4,20.4,25.5,0.9,{비}0550-{비}{강도0}0600-{비}{강도0}0900-1125. {비}1310-{비}{강도0}1500-1547. {비}1624-{비}{강도0}1800-1835.  -{박무}-0030. {박무}0110-{박무}{강도0}0300-0505. 
2021-08-28,23.6,19.7,28.2,,{박무}0035-0210. 
2021-08-29,23.7,21.9,26.3,0.9,{비}0055-0235. {비}0425-0515. {비}0615-0655.  {박무}0215-{박무}{강도0}0300-{박무}{강도0}0600-0650. {박무}0820-{박무}{강도0}0900-0910. 
2021-08-30,24.2,21.2,27.7,0.0,{비}1040-1055. {비}1225-1320. 
2021-08-31,20.5,18.1,23.1,77.4,{비}0727-{비}{강도0}0900-{비}{강도0}1200-{비}{강도1}1500-{비}{강도1}1800-{비}{강도1}2100-{비}{강도1}2400- {박무}1110-{박무}{강도0}1200-{박무}{강도1}1500-{박무}{강도1}1800-{박무}{강도0}2100-{박무}{강도0}2400-
2021-09-01,21.4,18.5,23.9,0.8,-{비}-0040. {비}0645-{비}{강도0}0900-1010.  -{박무}-0020.
2021-09-02,23.5,20.7,26.7,,
2021-09-03,24.3,20.6,29.2,,
2021-09-04,23.2,18.5,28.6,,{햇무리}1340-1515. 
2021-09-05,23.1,19.4,27.3,,
2021-09-06,22.3,18.0,26.4,12.0,{비}1450-{비}{강도0}1500-{비}{강도0}1800-{비}{강도1}2100-{비}{강도0}2400- {박무}1955-2050. {박무}2150-{박무}{강도0}2400-
2021-09-07,19.6,17.6,20.9,29.6,-{비}-{비}{강도0}0300-{비}{강도0}0600-{비}{강도0}0900-{비}{강도0}1200-{비}{강도0}1500-1555. {비}1720-{비}{강도0}1800-{비}{강도0}2100-{안개비}2110-{안개비}{강도0}2400- -{박무}-{박무}{강도1}0300-0530. {박무}0855-{박무}{강도0}0900-{박무}{강도1}1200-1310. {박무}1425-{박무}{강도0}1500-1515. {박무}1815-{박무}{강도0}2100-{박무}{강도0}2400-
2021-09-08,22.2,19.0,26.9,1.6,-{안개비}-{안개비}{강도0}0300-{안개비}{강도0}0600-0640.  -{박무}-{박무}{강도0}0300-{박무}{강도0}0600-0610. 
2021-09-09,23.5,19.1,29.1,,
2021-09-10,23.6,19.5,28.9,,
2021-09-11,24.0,19.9,29.4,,
2021-09-12,24.2,19.2,29.8,,
2021-09-13,24.8,20.8,30.3,,
2021-09-14,24.6,20.0,29.5,,
2021-09-15,23.6,19.5,28.9,,
2021-09-16,22.9,18.0,27.3,,
2021-09-17,23.5,20.5,28.2,,{채운}0710-0720.
2021-09-18,23.9,18.9,29.8,,
2021-09-19,23.7,20.8,27.8,,
2021-09-20,23.7,19.0,28.4,,
2021-09-21,22.0,17.4,26.2,68.1,{비}0025-{비}{강도0}0300-{비}{강도1}0600-0725. {비}0850-{비}{강도0}0900-0920. {비}1010-1055. {비}2240-{시정(미만)}{1km}{비}2341-{시정(이상)}{1km}{비}2346-{비}{강도2}2400- {박무}0040-{박무}{강도0}0300-{박무}{강도2}0600-0725. {박무}2315-{박무}{강도0}2400-
2021-09-22,20.2,16.8,24.3,4.5,-{비}-0130. {비}0735-0745. {비}1245-1305.  -{박무}-0055. 
2021-09-23,20.9,16.9,25.9,,
2021-09-24,21.8,16.7,26.9,,
2021-09-25,21.2,18.7,23.1,,{달무리}0355-0530.
2021-09-26,22.6,18.4,27.3,,{햇무리}1350-1515. 
2021-09-27,21.6,18.7,25.0,0.0,{비}1310-1320. {비}1355-{비}{강도0}1500-{비}{강도0}1800-1840. {비}1940-2010. {비}2310-2325. 
2021-09-28,21.5,19.6,24.4,1.3,{비}0105-{비}{강도0}0300-0335. {비}0835-{비}{강도0}0900-0920. {비}1608-1620. {비}1705-{비}{강도0}1800-1830. {비}1935-{비}{강도0}2100-{비}{강도0}2400- {박무}2120-{박무}{강도0}2400-
2021-09-29,20.2,17.8,21.4,13.1,-{비}-0050. {비}0435-{비}{강도0}0600-{비}{강도1}0900-1110. {비}1140-{비}{강도0}1200-1345. {비}1455-{비}{강도0}1500-1740.  -{박무}-0140. {박무}0455-{박무}{강도0}0600-{박무}{강도1}0900-1030. 
2021-09-30,20.3,16.0,25.9,,{박무}0535-{박무}{강도0}0600-0835. 
2021-10-01,21.1,16.9,27.5,13.3,{비}2145-2355. 
2021-10-02,20.7,16.4,26.6,,
2021-10-03,22.3,17.1,28.8,,{박무}0135-{박무}{강도0}0300-{박무}{강도0}0600-0840. 
2021-10-04,22.9,19.2,25.6,3.6,{비}1155-{비}{강도0}1200-1350. {비}1705-{비}{강도0}1800-{비}{강도0}2100-2120.  {박무}1725-{박무}{강도1}1800-1820.
2021-10-05,23.6,21.7,26.5,0.0,{비}1730-{비}{강도0}1800-2025.
2021-10-06,18.8,17.9,21.7,6.4,{비}0250-{비}{강도0}0300-{비}{강도0}0600-{비}{강도0}0900-{비}{강도0}1200-{안개비}1415-1445.  {박무}0340-{박무}{강도0}0600-{박무}{강도0}0900-{박무}{강도1}1200-1405.
2021-10-07,19.4,17.9,21.9,4.6,{비}0010-0035. {비}0125-0225. {비}0405-{비}{강도1}0600-0710. {비}1055-{비}{강도0}1200-1230.  {박무}0505-{박무}{강도1}0600-0715.
2021-10-08,18.8,17.5,20.0,3.5,{비}0815-0840. {비}0920-{비}{강도0}1200-{비}{강도0}1500-1730.  {박무}1035-{박무}{강도0}1200-{박무}{강도0}1500-1710.
2021-10-09,20.9,18.5,24.1,0.4,{비}0610-{비}{강도0}0900-0940.
2021-10-10,19.9,14.9,24.3,14.2,{비}0650-0825. {비}1049-1059. {비}1225-{비}{강도0}1500-{비}{강도0}1800-{비}{강도0}2100-{비}{강도0}2400- {박무}1250-{박무}{강도1}1500-1620. {박무}2155-2250.
2021-10-11,15.2,12.6,17.8,0.3,-{비}-{비}{강도0}0300-0340. {비}0450-0530. {비}0625-0635. {비}0720-0740.
2021-10-12,17.9,15.8,21.3,,
2021-10-13,19.6,14.9,25.2,,
2021-10-14,19.7,17.4,23.9,,{달코로나}2000-2120. 
2021-10-15,19.0,17.0,21.4,0.0,{비}0310-0340. {비}0355-0555. {비}0755-{비}{강도0}0900-1140. {비}2225-{비}{강도0}2400-
2021-10-16,10.7,4.2,18.1,0.0,-{비}-0210.
2021-10-17,5.6,1.3,10.8,,
2021-10-18,9.6,2.8,16.1,5.6,{비}1915-{비}{강도0}2100-2215. {비}2255-{비}{강도0}2400- {박무}2010-{박무}{강도0}2100-{박무}{강도2}2400-
2021-10-19,10.9,7.1,15.0,4.4,-{비}-0245.  -{박무}-{박무}{강도1}0300-{박무}{강도1}0600-{박무}{강도0}0900-1030.
2021-10-20,9.5,4.6,15.8,,
2021-10-21,9.8,4.9,16.2,,
2021-10-22,10.8,5.2,17.2,,
2021-10-23,11.4,5.7,18.4,,
2021-10-24,11.4,6.0,18.1,,
2021-10-25,11.7,6.3,17.6,,
2021-10-26,13.0,7.7,19.0,,{박무}2015-{박무}{강도0}2100-{박무}{강도0}2400- {연무}1720-{연무}{강도0}1800-1930. 
2021-10-27,13.4,9.8,18.1,0.0,{비}0330-0415.  -{박무}-{박무}{강도0}0300-{박무}{강도0}0600-{박무}{강도1}0900-1020. 
2021-10-28,12.7,7.1,20.0,,
2021-10-29,14.6,10.5,20.6,,
2021-10-30,13.8,11.0,18.0,,
2021-10-31,14.1,9.2,20.3,0.7,{비}2015-2050.  {박무}2310-{박무}{강도0}2400-
2021-11-01,12.9,10.3,16.9,,-{박무}-{박무}{강도0}0300-{박무}{강도0}0600-0850. 
2021-11-02,11.5,7.9,16.9,,{박무}0125-{박무}{강도0}0300-{박무}{강도0}0600-{박무}{강도0}0900-0950. 
2021-11-03,12.1,7.6,17.1,,
2021-11-04,12.1,8.4,16.3,0.0,{비}1210-1225.  {박무}0005-0035. {박무}0350-{박무}{강도0}0600-{박무}{강도0}0900-1050. {박무}1925-{박무}{강도0}2100-{박무}{강도0}2400- {연무}1640-{연무}{강도0}1800-1930. 
2021-11-05,13.0,7.8,20.2,,-{박무}-{박무}{강도0}0300-{박무}{강도1}0600-{박무}{강도0}0900-1055.  {연무}1050-{연무}{강도0}1200-1225. 
2021-11-06,14.1,8.8,21.3,,{박무}0030-0130. {박무}0210-{박무}{강도0}0300-0310. {박무}0540-{박무}{강도0}0600-0640. {박무}0810-{박무}{강도0}0900-0910. 
2021-11-07,15.3,9.7,21.3,,
2021-11-08,8.6,4.5,15.5,25.7,{비}0505-{비}{강도0}0600-{비}{강도1}0900-{비}{강도0}1200-1255. {비}1320-{비}{강도0}1500-{비}{강도0}1800-{비}{강도0}2100-{비}{강도0}2400- {박무}0615-{박무}{강도1}0900-1055.
2021-11-09,4.9,3.0,6.5,2.0,-{비}-0030. {비}0530-{비}{강도0}0600-{비}{강도0}0900-0950. {비}1025-1040. {비}1120-{비}{강도0}1200-{비}{강도0}1500-1640. {비}1920-1940. {비}2010-2030.
2021-11-10,4.2,0.7,7.7,0.3,{눈}0610-{진눈깨비}0645-0850. {비}1745-{비}{강도0}1800-1835. {비}1950-2055.  {박무}0635-0710. 
2021-11-11,5.3,2.1,9.7,0.0,{비}1105-1115.
2021-11-12,4.5,1.3,8.6,,
2021-11-13,7.3,0.5,13.4,,
2021-11-14,11.3,7.8,16.4,,
2021-11-15,10.1,5.8,15.7,,{박무}0210-{박무}{강도0}0300-{박무}{강도0}0600-{박무}{강도0}0900-1010. 
2021-11-16,8.5,4.4,13.6,,
2021-11-17,7.5,2.7,12.5,,{햇무리}1305-1410. {햇무리}1610-1625. 
2021-11-18,11.9,7.7,16.2,0.0,{비}0410-0435. {비}0455-0520. {비}0925-0940. {비}1550-1630. {비}1715-1735.  {박무}1551-{박무}{강도0}1800-2025.  {연무}1425-{연무}{강도0}1500-1555.
2021-11-19,12.9,10.2,16.7,,{박무}0050-{박무}{강도0}0300-{박무}{강도0}0600-{박무}{강도0}0900-{박무}{강도0}1200-1350. {박무}1810-{박무}{강도2}2100-{박무}{강도2}2400- {연무}1345-{연무}{강도0}1500-{연무}{강도1}1800-1815. 
2021-11-20,10.4,6.8,15.6,,-{박무}-{박무}{강도1}0300-{박무}{강도2}0600-{박무}{강도1}0900-{박무}{강도1}1200-1250. {박무}2205-{박무}{강도1}2400- {연무}1245-{연무}{강도0}1500-{연무}{강도0}1800-{연무}{강도1}2100-2210. 
2021-11-21,10.4,7.6,13.1,5.9,{비}2105-{비}{강도0}2400- -{박무}-{박무}{강도1}0300-{박무}{강도1}0600-{박무}{강도1}0900-1155. {박무}2105-{박무}{강도0}2400- {연무}1150-{연무}{강도0}1200-{연무}{강도0}1500-{연무}{강도0}1800-{연무}{강도0}2100-2110. 
2021-11-22,2.7,-0.6,7.5,1.3,-{비}-0255.  -{박무}-0050. 
2021-11-23,-0.6,-3.7,2.3,,
2021-11-24,4.1,-2.6,9.1,0.0,{비}1005-1015. 
2021-11-25,5.7,2.6,9.9,,
2021-11-26,2.9,-0.5,7.2,0.0,{비}1355-1445. 
2021-11-27,3.4,-1.4,10.1,,
2021-11-28,5.1,-1.3,12.4,,
2021-11-29,7.6,2.5,13.7,,
2021-11-30,5.7,0.7,8.9,27.2,{비}0405-{비}{강도1}0600-{비}{강도0}0900-{비}{강도0}1200-1320. {비}1420-{비}{강도0}1500-1655. {비}1845-{진눈깨비}1850-{싸락눈}1855-1905. {눈}2115-2250.  {박무}0430-{박무}{강도1}0600-{박무}{강도1}0900-{박무}{강도0}1200-1325. 
2021-12-01,-1.3,-3.0,1.5,,
2021-12-02,1.3,-4.6,5.0,0.1,{비}1420-{비}{강도0}1500-1530. {비}1735-{비}{강도0}1800-1810. {비}1925-2015. 
2021-12-03,1.9,-1.8,4.6,0.4,{비}0150-{비}{강도0}0300-0350. 
2021-12-04,1.4,-2.7,7.0,,
2021-12-05,2.9,-2.3,9.6,,
2021-12-06,5.4,-0.7,12.1,,
2021-12-07,6.8,2.6,13.3,,
2021-12-08,6.7,1.9,13.3,,
2021-12-09,6.5,2.7,9.7,,
2021-12-10,7.0,5.8,8.2,0.7,{비}0910-1115. {비}1455-{비}{강도0}1500-1530. {비}1603-1610.  {박무}1505-1650. {박무}1845-{박무}{강도0}2100-{박무}{강도0}2400-
2021-12-11,6.0,4.4,9.8,,-{박무}-{박무}{강도0}0300-{박무}{강도0}0600-{박무}{강도0}0900-{박무}{강도0}1200-1325. {박무}2020-{박무}{강도0}2100-{박무}{강도0}2400- {연무}1320-{연무}{강도0}1500-{연무}{강도0}1800-2025. 
2021-12-12,1.2,-3.8,5.1,,-{박무}-{박무}{강도0}0300-{박무}{강도0}0600-{박무}{강도0}0900-1025. 
2021-12-13,-2.2,-5.9,1.9,,
2021-12-14,3.7,-0.7,8.2,1.2,{비}1625-{비}{강도0}1800-{비}{강도0}2100-{비}{강도0}2400- {박무}2140-{박무}{강도1}2400-
2021-12-15,7.2,5.4,10.0,2.1,-{비}-0025. {비}0055-0130. {비}0320-0330. {비}0355-0515. {비}0610-0655. {비}0845-{비}{강도0}0900-0945.  -{박무}-{박무}{강도1}0300-{박무}{강도0}0600-{박무}{강도0}0900-{박무}{강도0}1200-1410. {박무}1805-{박무}{강도1}2100-{박무}{강도0}2400- {연무}1405-{연무}{강도0}1500-{연무}{강도1}1800-1810.
2021-12-16,6.4,3.3,9.8,0.0,{비}2035-2058.  -{박무}-{박무}{강도0}0300-{박무}{강도0}0600-{박무}{강도0}0900-1150. {박무}2035-{박무}{강도0}2100-2345.  {연무}1146-{연무}{강도0}1200-1220. {연무}1930-2040.
2021-12-17,-5.6,-10.1,3.2,,
2021-12-18,-5.7,-11.2,-1.8,2.8,{눈}1420-{눈}{강도0}1500-{시정(미만)}{1km}{눈}1510-{시정(이상)}{1km}{눈}1603-1730. {눈}2250-{시정(미만)}{1km}{눈}2339-{시정(미만)}{0.5km}{눈}2345-{시정(이상)}{0.5km}{눈}2354-{시정(이상)}{1km}{눈}2359-{눈}{강도0}2400- {박무}1605-1705. {박무}2330-{박무}{강도2}2400-
2021-12-19,-0.8,-5.8,4.2,0.2,-{눈}-0110.  -{박무}-0110. 
2021-12-20,5.2,-0.9,11.1,0.0,{비}0255-{비}{강도0}0300-0315.  {박무}2220-{박무}{강도0}2400-
2021-12-21,5.2,0.8,8.9,,-{박무}-{박무}{강도0}0300-{박무}{강도0}0600-{박무}{강도0}0900-{박무}{강도0}1200-1355.  {연무}1350-1450. 
2021-12-22,2.2,-2.6,8.2,,
2021-12-23,2.7,-1.5,8.3,,
2021-12-24,-0.3,-7.3,3.2,0.2,{눈}1220-1340. {눈}1530-1630.  {박무}1240-1345. {박무}1435-{박무}{강도0}1500-1635. 
2021-12-25,-11.7,-14.4,-7.3,,
2021-12-26,-12.1,-15.5,-7.3,,
2021-12-27,-7.6,-12.9,-3.9,0.0,{눈}1240-1340. {눈}1445-{눈}{강도0}1500-1550. 
2021-12-28,-4.1,-8.5,-0.9,,
2021-12-29,0.4,-3.8,5.9,0.2,{눈}0255-{눈}{강도0}0300-0310. {싸락눈}0355-0505. {비}1648-1658.  {박무}0410-{박무}{강도0}0600-{박무}{강도0}0900-{박무}{강도0}1200-1215.  {연무}1650-{연무}{강도0}1800-1830. {연무}1940-2025. 
2021-12-30,-3.9,-6.8,0.2,0.0,{눈}1745-{눈}{강도0}1800-1815. 
2021-12-31,-6.7,-8.8,-3.9,,
2022-01-01,-4.3,-10.2,2.3,,
2022-01-02,-1.3,-5.2,3.0,0.3,{눈}0305-{눈}{강도0}0600-0715.  {박무}0610-0705. {박무}1055-{박무}{강도0}1200-1205.  {연무}0550-{연무}{강도0}0600-0615. 
2022-01-03,-1.9,-8.0,2.5,0.0,{눈}1815-2055. {눈}2240-{눈}{강도0}2400-
2022-01-04,-2.5,-5.6,1.0,0.0,-{눈}-0055. 
2022-01-05,-2.8,-7.8,1.9,,{햇무리}0945-1535. 
2022-01-06,-2.2,-5.9,3.3,,
2022-01-07,-1.6,-5.9,4.5,,
2022-01-08,0.3,-5.0,3.7,0.0,{눈}1435-1445.  {연무}1745-{연무}{강도0}1800-{연무}{강도0}2100-{연무}{강도1}2400-
2022-01-09,1.3,-1.2,5.6,,{박무}0025-{박무}{강도1}0300-{박무}{강도1}0600-{박무}{강도1}0900-{박무}{강도1}1200-1235.  -{연무}-0030. {연무}1230-{연무}{강도0}1500-{연무}{강도0}1800-{연무}{강도0}2100-{연무}{강도0}2400-
2022-01-10,0.5,-3.4,4.4,0.9,{눈}1855-2010. {눈}2125-{눈}{강도0}2400- {박무}0440-{박무}{강도0}0600-{박무}{강도0}0900-1055. {박무}2220-{박무}{강도1}2400- -{연무}-{연무}{강도0}0300-0445. {연무}1050-{연무}{강도0}1200-1405. {연무}1650-{연무}{강도0}1800-1840. 
2022-01-11,-7.4,-10.3,0.3,0.2,-{눈}-0130.  -{박무}-0120. 
2022-01-12,-7.7,-11.3,-3.4,,
2022-01-13,-6.4,-8.9,-3.1,,
2022-01-14,-4.8,-10.1,1.3,,{달무리}2330-
2022-01-15,-1.0,-5.3,1.8,0.0,{눈}1920-1935. {눈}2150-2230.  -{달무리}-0250. 
2022-01-16,-2.0,-7.2,2.4,0.0,{눈}0130-0155.  {박무}0405-{박무}{강도0}0600-0810. 
2022-01-17,-5.8,-9.2,0.1,0.5,{눈}1320-{눈}{강도0}1500-{눈}{강도0}1800-1815. 
2022-01-18,-5.6,-9.9,-0.7,,
2022-01-19,-5.3,-7.7,-2.7,1.7,{눈}0855-{눈}{강도0}0900-{눈}{강도0}1200-{눈}{강도0}1500-1535. {눈}1625-1650.  {박무}1530-1705.  {달코로나}0550-0615. 
2022-01-20,-5.0,-9.8,0.9,,
2022-01-21,-2.7,-8.7,4.6,,
2022-01-22,0.3,-5.0,7.1,,
2022-01-23,2.0,-0.6,6.7,,
2022-01-24,4.6,1.3,8.4,,
2022-01-25,2.8,1.9,4.5,0.7,{진눈깨비}0250-{진눈깨비}{강도0}0300-{진눈깨비}{강도0}0600-{비}0720-{비}{강도0}0900-{비}{강도0}1200-1330. {비}1430-{비}{강도0}1500-1535.  {박무}0750-{박무}{강도0}0900-{박무}{강도0}1200-{박무}{강도0}1500-1630.
2022-01-26,1.3,-1.9,6.8,,{박무}0020-{박무}{강도0}0300-{박무}{강도0}0600-{박무}{강도0}0900-0950. 
2022-01-27,-1.1,-4.6,4.0,,
2022-01-28,-2.7,-5.9,2.1,,
2022-01-29,-3.6,-7.2,0.9,,
2022-01-30,-2.8,-8.0,2.4,,
2022-01-31,-0.7,-6.8,4.8,1.2,{눈}2055-{눈}{강도0}2100-2340.  {박무}2120-{박무}{강도0}2400-
2022-02-01,-1.3,-2.7,0.9,1.7,{눈}0240-{눈}{강도0}0300-{시정(미만)}{1km}{눈}0407-{시정(이상)}{0.1km}{눈}0420-{눈}{강도0}0600-0625. {눈}0840-{눈}{강도0}0900-0935. {눈}1015-1025.  -{박무}-0055. {박무}2110-{박무}{강도0}2400- {연무}1915-{연무}{강도0}2100-2115. 
2022-02-02,-3.4,-6.0,0.0,,-{박무}-0220. 
2022-02-03,-3.4,-6.9,0.4,,
2022-02-04,-5.2,-8.2,-0.7,0.0,{눈}1605-1645. 
2022-02-05,-6.6,-9.7,-2.0,,
2022-02-06,-3.9,-8.4,1.7,,
2022-02-07,-2.5,-7.3,1.9,,
2022-02-08,-0.1,-4.1,5.6,,
2022-02-09,1.0,-4.3,7.2,,
2022-02-10,1.4,-3.2,6.7,,
2022-02-11,2.9,-2.6,8.8,,{박무}0040-{박무}{강도0}0300-{박무}{강도0}0600-0805. {연무}2025-{연무}{강도0}2100-{연무}{강도0}2400-
2022-02-12,4.8,-0.1,10.4,,-{연무}-{연무}{강도0}0300-0440. {박무}0435-{박무}{강도1}0600-{박무}{강도0}0900-1010. {연무}1005-{연무}{강도0}1200-1235.
2022-02-13,4.8,1.6,9.5,,{햇무리}0855-1230.
2022-02-14,2.5,-1.3,8.1,1.7,{연무}1345-1405. {비}1530-1755. {박무}1540-{박무}{강도0}1800-2005.
2022-02-15,-4.7,-7.7,-1.3,0.0,{눈}0105-{눈}{강도0}0300-{눈}{강도0}0600-{눈}{강도0}0900-1110. {눈}1415-{눈}{강도0}1500-1620.
2022-02-16,-7.3,-9.6,-4.1,0.0,{눈}0630-0650.
2022-02-17,-6.2,-10.7,-0.5,,
2022-02-18,-1.2,-8.0,5.7,,
2022-02-19,-1.7,-6.2,3.7,0.1,{달무리}0255-0330. {눈}1605-{눈}{강도0}1800-1815.
2022-02-20,-4.8,-8.4,-0.5,,
2022-02-21,-3.0,-8.1,3.6,0.1,{눈}1050-{눈}{강도0}1200-1245. {눈}1330-1345. {눈}1425-1450.
2022-02-22,-4.5,-8.0,0.5,,
2022-02-23,-5.6,-10.0,-0.6,,
2022-02-24,-2.4,-8.5,3.7,,
2022-02-25,3.0,-3.6,8.4,,{박무}0520-{박무}{강도0}0600-0655. {연무}1255-{연무}{강도0}1500-{연무}{강도0}1800-1940. {박무}1935-{박무}{강도0}2100-{박무}{강도0}2400-
2022-02-26,5.4,1.0,9.3,1.1,-{박무}-{박무}{강도0}0300-{박무}{강도0}0600-{박무}{강도0}0900-1055. {비}1455-{비}{강도0}1500-1610. {비}1755-{비}{강도0}1800-2015. {박무}1845-{박무}{강도1}2100-2350.
2022-02-27,3.7,-1.6,9.1,,
2022-02-28,6.8,2.7,11.5,,
2022-03-01,5.8,0.3,9.7,2.3,{비}0135-{비}{강도0}0300-{비}{강도0}0600-0840. {박무}0455-{박무}{강도0}0600-{박무}{강도0}0900-{박무}{강도0}1200-1455.
2022-03-02,3.5,-2.3,8.8,,
2022-03-03,5.8,0.9,12.4,,{박무}0230-{박무}{강도0}0300-{박무}{강도0}0600-0810.
2022-03-04,6.9,0.6,14.6,,{박무}2005-{박무}{강도0}2100-{박무}{강도0}2400- {황사}2020-{황사}{강도0}2100-{황사}{강도0}2400-
2022-03-05,2.3,-0.7,6.7,,-{박무}-0115. -{황사}-{황사}{강도0}0300-{황사}{강도0}0600-{황사}{강도0}0900-{황사}{강도0}1200-1320.
2022-03-06,1.4,-3.0,6.8,,
2022-03-07,2.8,-2.7,8.7,,
2022-03-08,6.0,1.1,12.3,,
2022-03-09,7.1,1.7,14.8,,{박무}0355-{박무}{강도0}0600-{박무}{강도0}0900-1010. {연무}2040-{연무}{강도0}2100-2120.
2022-03-10,9.3,4.2,15.8,,{연무}0130-{연무}{강도0}0300-{연무}{강도0}0600-{연무}{강도0}0900-1020. {햇무리}0950-1550.
2022-03-11,11.2,5.1,18.4,,
2022-03-12,12.8,6.3,19.5,2.6,{연무}1240-1310. {비}1935-{안개비}2025-{안개비}{강도0}2100-2135. {박무}1950-{박무}{강도0}2100-2105. {비}2240-{비}{강도0}2400- {박무}2335-{박무}{강도1}2400-
2022-03-13,11.7,10.7,12.6,42.1,-{비}-{시정(미만)}{1km}{비}0129-{시정(이상)}{1km}{비}0135-{비}{강도1}0300-{안개비}0510-{안개비}{강도0}0600-{안개비}{강도0}0900-1020. -{박무}-{박무}{강도1}0300-{박무}{강도1}0600-{박무}{강도1}0900-{박무}{강도1}1200-{박무}{강도0}1500-{박무}{강도0}1800-2030. {안개비}1140-{안개비}{강도0}1200-1345.
2022-03-14,8.2,4.9,13.2,8.7,{비}1205-{비}{강도0}1500-{안개비}1620-1740. {박무}1220-{박무}{강도1}1500-{박무}{강도0}1800-2010.
2022-03-15,7.2,2.3,13.3,,{연무}2020-{연무}{강도0}2100-2345.
2022-03-16,10.3,3.6,16.8,,{박무}0240-{박무}{강도0}0300-0505. {박무}0735-{박무}{강도0}0900-0950. {연무}1020-1110.
2022-03-17,10.7,7.8,15.1,1.2,{햇무리}1045-1240. {비}1830-{비}{강도0}2100-{비}{강도0}2400-
2022-03-18,7.5,5.5,9.6,0.0,-{비}-0250. {비}0510-0550. {비}1340-1420.
2022-03-19,3.4,0.9,6.1,14.6,{비}0210-{비}{강도0}0300-{진눈깨비}0520-{진눈깨비}{강도1}0600-{눈}0610-{진눈깨비}0820-{진눈깨비}{강도1}0900-{비}1145-{비}{강도0}1200-1345. {박무}0355-0425. {박무}0525-{박무}{강도1}0600-{박무}{강도1}0900-1140.
2022-03-20,5.4,2.2,9.3,0.0,{비}0220-{비}{강도0}0300-0540. {박무}0630-{박무}{강도0}0900-0940. {비}0920-0935.
2022-03-21,5.0,-0.3,10.9,,{햇무리}1140-1440.
2022-03-22,7.1,1.1,13.6,,
2022-03-23,6.2,4.9,8.2,,
2022-03-24,8.2,3.9,12.4,,
2022-03-25,12.0,6.3,17.2,10.9,{박무}0020-{박무}{강도0}0300-{박무}{강도0}0600-{박무}{강도0}0900-0915. {연무}0910-1140. {비}1915-{비}{강도0}2100-{비}{강도0}2400- {박무}1950-{박무}{강도0}2100-{박무}{강도0}2400-
2022-03-26,11.8,9.5,14.7,19.8,-{비}-{비}{강도0}0300-{비}{강도1}0600-0643. -{박무}-{박무}{강도0}0300-{시정(미만)}{1km}{안개}0522-{시정(이상)}{1km}{박무}0532-{박무}{강도1}0600-0617. {비}0708-{비}{강도0}0900-1040. {박무}0755-{박무}{강도1}0900-1030. {안개비}1235-1325. {박무}1245-1305.
2022-03-27,8.1,5.0,12.6,,
2022-03-28,8.2,1.5,15.1,,
2022-03-29,9.7,3.3,15.6,,
2022-03-30,10.8,5.9,15.7,0.4,{비}1235-1440. {비}1625-1735. {박무}2010-{박무}{강도0}2100-{박무}{강도0}2400-
2022-03-31,10.9,7.6,14.7,,-{박무}-0220.
2022-04-01,9.2,4.5,14.9,,
2022-04-02,8.2,3.7,14.2,,
2022-04-03,9.6,3.5,17.0,,
2022-04-04,10.3,5.1,16.4,,{연무}0205-{연무}{강도0}0300-0550. {박무}0545-{박무}{강도0}0600-0850. {연무}0845-{연무}{강도0}0900-0940.
2022-04-05,10.3,4.9,15.8,,{햇무리}0740-1130.
2022-04-06,11.7,8.0,17.0,,{박무}0705-0850. {햇무리}1350-1430.
2022-04-07,10.9,7.4,15.7,,
2022-04-08,12.9,5.1,20.0,,
2022-04-09,17.8,12.4,24.2,0.5,{비}0710-0750. {비}0815-0840.
2022-04-10,18.2,12.7,25.1,,
2022-04-11,19.6,13.4,26.6,,
2022-04-12,19.3,15.9,26.4,0.5,{비}0355-0425. {비}2010-{비}{강도0}2100-2340. {박무}2040-{박무}{강도0}2100-2230. {박무}2310-{박무}{강도0}2400-
2022-04-13,13.1,12.0,15.9,1.3,{비}0110-{비}{강도0}0300-{비}{강도0}0600-0640. -{박무}-{박무}{강도1}0300-0555.
2022-04-14,13.2,11.4,15.3,,
2022-04-15,13.3,7.5,19.3,,
2022-04-16,13.2,7.1,20.2,,
2022-04-17,14.0,7.2,21.9,,{박무}0205-{박무}{강도0}0300-{박무}{강도0}0600-0705.
2022-04-18,15.2,11.4,21.6,,{햇무리}0925-1140.
2022-04-19,15.2,8.9,22.1,,{연무}2340-{연무}{강도0}2400-
2022-04-20,15.7,9.7,22.1,,-{연무}-{연무}{강도0}0300-{연무}{강도0}0600-0810.
2022-04-21,16.3,9.6,22.7,,
2022-04-22,15.0,13.2,16.8,,{박무}1435-{박무}{강도0}1500-{박무}{강도0}1800-{박무}{강도0}2100-{박무}{강도0}2400-
2022-04-23,17.7,10.4,25.3,,-{박무}-{박무}{강도0}0300-{박무}{강도0}0600-{박무}{강도0}0900-0950.
2022-04-24,18.5,15.0,24.5,0.3,{안개비}0445-{안개비}{강도0}0600-{안개비}{강도0}0900-0920. {박무}0445-{박무}{강도0}0600-{박무}{강도0}0900-1005. {안개비}2350-{안개비}{강도0}2400- {박무}2355-{박무}{강도0}2400-
2022-04-25,20.0,17.0,23.6,1.3,-{안개비}-{안개비}{강도0}0300-{안개비}{강도0}0600-0830. -{박무}-{박무}{강도1}0300-{박무}{강도2}0600-{박무}{강도0}0900-1050. {비}2115-{비}{강도0}2400- {박무}2335-{박무}{강도0}2400-
2022-04-26,21.9,17.0,28.7,1.0,-{비}-{비}{강도0}0300-0450. -{박무}-{박무}{강도0}0300-0405. {햇무리}1345-1530.
2022-04-27,17.7,12.6,23.9,,{황사}0325-{황사}{강도0}0600-{황사}{강도0}0900-{황사}{강도0}1200-{황사}{강도0}1500-{황사}{강도0}1800-{황사}{강도0}2100-{황사}{강도0}2400-
2022-04-28,18.2,11.6,25.9,0.0,-{황사}-0025. {비}2345-{비}{강도0}2400-
2022-04-29,13.4,10.7,16.5,15.5,{박무}0145-{박무}{강도0}0300-{박무}{강도0}0600-0635. -{비}-{비}{강도0}0300-{비}{강도1}0600-{비}{강도0}0900-0945.
2022-04-30,13.0,10.5,17.8,,{박무}2110-2330.
2022-05-01,13.4,7.9,19.2,,
2022-05-02,14.2,9.1,19.4,,{박무}0510-{박무}{강도0}0600-0850.
2022-05-03,14.8,9.1,20.8,,
2022-05-04,17.8,10.0,25.2,,
2022-05-05,18.9,12.5,25.8,,
2022-05-06,19.6,13.7,25.6,,
2022-05-07,18.4,15.3,23.1,0.5,{비}0320-{비}{강도0}0600-0630. {박무}0350-0440. {안개비}0745-0830.
2022-05-08,15.3,11.7,18.2,2.0,{비}1720-{비}{강도0}1800-{비}{강도0}2100-2255.
2022-05-09,17.9,11.0,25.3,,
2022-05-10,19.9,13.6,26.3,0.0,{비}2240-{비}{강도0}2400-
2022-05-11,19.7,16.6,25.2,0.0,-{비}-0030. {비}0210-0235.
2022-05-12,20.9,14.1,28.1,,
2022-05-13,19.4,15.0,25.2,,
2022-05-14,15.7,11.9,20.0,,
2022-05-15,16.2,10.5,22.4,,
2022-05-16,17.3,10.9,23.7,,
2022-05-17,20.0,13.0,27.4,,
2022-05-18,20.0,15.7,25.4,1.5,{박무}0150-{박무}{강도0}0300-{박무}{강도0}0600-0620. {비}0750-{비}{강도0}0900-1010.
2022-05-19,19.9,16.1,24.2,,{햇무리}1055-1310.
2022-05-20,20.6,15.6,25.8,,
2022-05-21,20.1,16.1,26.0,,{박무}0255-{박무}{강도0}0300-{박무}{강도0}0600-0740.
2022-05-22,20.3,15.7,25.8,,{박무}0415-{박무}{강도0}0600-0740.
2022-05-23,23.0,17.8,30.7,,{박무}0025-{박무}{강도0}0300-{박무}{강도0}0600-{박무}{강도0}0900-0915. {연무}0910-1130.
2022-05-24,22.9,16.7,30.2,,{박무}0435-0550.
2022-05-25,21.0,16.7,26.7,3.5,{햇무리}1140-1410. {비}1755-{비}{강도0}1800-{비}{강도0}2100-2250. {박무}2105-2210.
2022-05-26,18.7,14.1,23.5,0.0,{비}2315-{비}{강도0}2400-
2022-05-27,20.0,16.0,25.6,0.0,-{비}-0010.
2022-05-28,22.3,15.0,29.3,,{햇무리}1045-1330.
2022-05-29,23.1,19.3,29.7,,
2022-05-30,20.8,17.2,24.7,0.0,{비}0555-{비}{강도0}0600-0650. {안개비}1905-1915.
2022-05-31,20.7,14.2,27.2,,
2022-06-01,22.1,16.2,28.6,,
2022-06-02,21.5,17.1,26.9,,
2022-06-03,24.5,18.7,32.6,,
2022-06-04,25.6,20.3,29.7,,
2022-06-05,22.7,20.2,27.0,0.0,{비}0740-0815. {비}1950-2050.
2022-06-06,19.7,16.7,24.5,4.3,{비}0230-{비}{강도0}0300-{비}{강도0}0600- {비}{강도0}0900-1030.
2022-06-07,20.6,15.1,25.1,0.0,{비}0330-0410.
2022-06-08,21.2,16.2,25.8,,
2022-06-09,20.9,18.5,24.5,2.6,{비}0525-0535. {비}0650-{비}{강도0}0900-0955. {소나기}1245-1350.
2022-06-10,20.9,17.2,26.6,1.2,{소나기}1330-1455. {소나기}1935-2050.
2022-06-11,24.6,17.7,32.7,,
2022-06-12,24.6,18.9,31.5,,{박무}2355-{박무}{강도0}2400-
2022-06-13,23.6,19.6,29.2,18.0,-{박무}-0120. {소나기}0205-{소나기}{강도0}0300-{시정(미만)}{1km}{소나기}0323-{시정(이상)}{1km}{소나기}0338-0430. {박무}0215-{박무}{강도1}0300-0425. {소나기}1305-1330. {소나기}1510-1610.
2022-06-14,21.5,17.7,27.1,0.0,{비}2220-{비}{강도0}2400-
2022-06-15,17.5,14.9,20.1,18.5,{박무}0155-0240. -{비}-{비}{강도1}0300-{비}{강도0}0600-{비}{강도0}0900-{비}{강도0}1200-1240. {박무}0315-0420. {박무}0515-{박무}{강도0}0600-0625. {박무}0950-1130. {비}1355-{비}{강도0}1500-1655. {비}2135-2330. {박무}2145-{박무}{강도0}2400-
2022-06-16,20.3,17.6,24.8,0.7,{비}0035-0230. -{박무}-0245. {비}0505-{비}{강도0}0600-0625. {비}0750-0855.
2022-06-17,22.5,16.5,28.1,,
2022-06-18,23.3,22.0,25.1,0.0,{안개비}1410-1425.
2022-06-19,23.4,22.3,25.1,,
2022-06-20,25.2,22.0,29.0,,
2022-06-21,26.5,21.2,32.6,,
2022-06-22,25.9,21.9,31.0,,
2022-06-23,24.3,23.3,26.4,103.0,{비}0750-{비}{강도0}0900-0945. {박무}0850-{박무}{강도0}0900-1050. {비}1225-{비}{강도1}1500-{비}{강도1}1800-{시정(미만)}{1km}{비}1805-{시정(이상)}{1km}{비}1815-{시정(미만)}{1km}{비}1840-{시정(이상)}{1km}{비}1910-{시정(미만)}{1km}{비}1934-{시정(이상)}{1km}{비}1943-{비}{강도0}2100-{시정(미만)}{1km}{비}2141-{시정(이상)}{1km}{비}2158- {박무}1240-{박무}{강도1}1500-{박무}{강도2}1800-2005. {비}{강도0}2400-
2022-06-24,22.6,20.6,24.9,19.1,-{비}-{시정(미만)}{1km}{비}0001-{시정(이상)}{1km}{비}0010-{시정(미만)}{1km}{비}0052-{시정(이상)}{1km}{비}0102-{안개비}0245-{안개비}{강도0}0300-0330. {박무}0230-{박무}{강도1}0300-{박무}{강도1}0600-0745. {안개비}0505-{안개비}{강도0}0600-0740. {박무}1405-{박무}{강도0}1500-1510. {비}1410-1455. {박무}2115-{박무}{강도0}2400-
2022-06-25,26.0,21.5,30.5,,-{박무}-{박무}{강도0}0300-{박무}{강도0}0600-{박무}{강도0}0900-{박무}{강도0}1200-1410.
2022-06-26,26.5,24.8,28.1,,
2022-06-27,26.8,25.4,28.1,6.1,{비}0025-{비}{강도0}0300-0435. {비}0620-0650. {비}0750-0845. {비}0950-1020. {비}1110-{비}{강도0}1200-{비}{강도0}1500-1720. {비}1830-1930. {비}2025-{비}{강도0}2100-2125.
2022-06-28,26.9,25.7,27.9,6.3,{비}0035-0050. {비}0115-0150. {비}0220-{비}{강도0}0300-0550. {비}1055-{비}{강도0}1200-1430. {비}1750-{비}{강도0}1800-{비}{강도0}2100-{비}{강도0}2400-
2022-06-29,25.1,24.4,26.1,37.8,-{비}-{비}{강도0}0300-{비}{강도0}0600-0750. {비}0850-{비}{강도0}0900-{비}{강도0}1200-{시정(미만)}{1km}{비}1217-{시정(이상)}{1km}{비}1226-1430. {비}1535-1650. {비}1730-{비}{강도0}1800-1850. {비}1920-{비}{강도1}2100-{비}{강도0}2400- {박무}2140-{박무}{강도0}2400-
2022-06-30,22.3,21.2,24.5,176.2,-{비}-{비}{강도0}0300-{시정(미만)}{1km}{비}0315-{시정(이상)}{1km}{비}0343-{시정(미만)}{1km}{비}0443-{시정(이상)}{1km}{비}0449-{시정(미만)}{1km}{비}0542-{시정(이상)}{1km}{비}0559-{비}{강도2}0600-{시정(미만)}{1km}{비}0702-{시정(이상)}{1km}{비}0726-{비}{강도1}0900-{시정(미만)}{1km}{비}1018-{시정(미만)}{0.5km}{비}1025-{시정(이상)}{0.5km}{비}1036-{시정(이상)}{1km}{비}1038-{비}{강도0}1200-{비}{강도1}1500-{비}{강도1}1800-{비}{강도0}2100-2250. -{박무}-{박무}{강도1}0300-{박무}{강도2}0600-{박무}{강도1}0900-{박무}{강도0}1200-1350.
2022-07-01,26.6,21.9,30.9,,{박무}0150-0210.
2022-07-02,28.8,24.0,33.8,,{채운}0955-1010.
2022-07-03,29.3,24.4,34.2,,
2022-07-04,29.3,26.4,32.6,0.0,{소나기}1215-1225. {소나기}1350-1430.
2022-07-05,29.2,26.7,33.1,0.0,{비}0830-{비}{강도0}0900-0930. {소나기}1345-1410.
2022-07-06,29.5,26.2,33.3,16.1,{소나기}1420-1435. {소나기}2020-2035. {소나기}2140-{시정(미만)}{1km}{소나기}2210-{시정(이상)}{1km}{소나기}2218-2340.
2022-07-07,28.2,26.4,31.0,0.0,{비}1420-1450. {비}1740-{비}{강도0}1800-1840. {비}2015-2215. {비}2240-2250.
2022-07-08,25.8,24.0,27.9,1.7,{비}0055-0215. {박무}0220-{박무}{강도0}0300-0405. {비}0450-0520. {비}0750- {비}{강도0}0900-0920. {비}1135-{비}{강도0}1200-1235. {비}1450-{비}{강도0}1500-1510. {비}2225-{비}{강도0}2400-
2022-07-09,26.9,24.0,30.9,0.1,-{안개비}-{안개비}0120-0155. {박무}0130-{박무}{강도0}0300-{박무}{강도0}0600-{박무}{강도0}0900-0930. {안개비}0420-{안개비}{강도0}0600-0610. {비}0630-0845.
2022-07-10,29.2,24.6,35.1,0.0,{박무}0725-0850. {비}2120-2145.
2022-07-11,27.0,24.7,30.6,9.0,{비}0055-0120. {비}1505-1710.
2022-07-12,26.8,23.2,29.4,,
2022-07-13,25.0,24.0,27.1,114.5,{비}0230-0258. {비}0325-{비}{강도0}0600-{비}{강도0}0900-{시정(미만)}{1km}{비}1028-{시정(이상)}{1km}{비}1036-{시정(미만)}{1km}{비}1042-{시정(이상)}{1km}{비}1053-{비}{강도1}1200-{시정(미만)}{1km}{비}1414-{시정(이상)}{1km}{비}1435-{비}{강도2}1500-{시정(미만)}{1km}{비}1502-{시정(이상)}{1km}{비}1535-{비}{강도1}1800-{비}{강도0}2100-2220. {박무}2055-{박무}{강도0}2100-{박무}{강도0}2400- {안개비}2259-2335.
2022-07-14,25.7,23.3,29.9,0.9,{안개비}0020-{비}0140-0225. {안개비}0240-{안개비}{강도0}0300-{안개비}{강도0}0600-0630. -{박무}-{박무}{강도1}0300-{박무}{강도1}0600-0625.
2022-07-15,26.0,23.0,30.3,,
2022-07-16,24.8,23.2,28.2,34.0,{소나기}0505-0520. {박무}0630-0720. {소나기}0940-0950. {소나기}1005-1015. {소나기}1055-1110. {소나기}1220-1235. {소나기}1330-1350. {소나기}1450-{소나기}{강도0}1500-1530. {소나기}1615-{시정(미만)}{1km}{소나기}1707-{시정(미만)}{0.5km}{소나기}1712-{시정(이상)}{0.5km}{소나기}1723-{시정(이상)}{1km}{소나기}1727-{소나기}{강도2}1800-1815. {박무}2305-{박무}{강도0}2400-
2022-07-17,25.5,22.5,29.7,0.0,-{박무}-0225. {박무}0630-0830. {소나기}1035-{소나기}{강도0}1200-1205.
2022-07-18,26.8,23.1,30.1,,
2022-07-19,27.4,24.3,31.1,,
2022-07-20,27.1,24.3,30.4,1.1,{박무}0235-{박무}{강도0}0300-0310. {햇무리}1150-1315. {비}1910-1950. {비}2050-{비}{강도0}2100-{비}{강도0}2400-
2022-07-21,23.2,20.8,25.2,10.4,{박무}0235-{박무}{강도1}0300-{박무}{강도1}0600-{박무}{강도0}0900-0920. -{비}-{비}{강도0}0300-{비}{강도0}0600-{비}{강도0}0900-1010. {비}1340-1420.
2022-07-22,25.1,22.9,27.5,5.2,{소나기}1235-1335. {소나기}1420-{소나기}{강도0}1500-1505. {박무}2105-{박무}{강도0}2400-
2022-07-23,24.8,22.3,28.0,9.9,-{박무}-{박무}{강도0}0300-{박무}{강도0}0600-{박무}{강도0}0900-1010. {비}1525-{비}{강도0}1800-{비}{강도0}2100-{비}{강도0}2400- {박무}1825-2050. {박무}2105-{박무}{강도1}2400-
2022-07-24,25.0,22.0,28.4,1.2,-{박무}-0050. -{비}-{비}{강도0}0300-0315. {비}1545-1610.
2022-07-25,27.5,23.6,32.0,,
2022-07-26,28.9,24.4,33.1,,
2022-07-27,29.3,26.4,33.4,,{박무}0445-{박무}{강도0}0600-0705.
2022-07-28,29.7,25.1,34.4,,
2022-07-29,30.7,27.3,34.3,,
2022-07-30,30.9,27.3,36.1,1.0,{소나기}1445-{소나기}{강도0}1500-1550. {비}1925-2040. {무지개}1940-1945.
2022-07-31,27.2,25.4,29.0,47.2,{비}0645-0740. {비}0910-{비}{강도0}1200-{비}{강도1}1500-{비}{강도0}1800-{비}{강도1}2100-{시정(미만)}{1km}{비}2149-{시정(이상)}{1km}{비}2201-{비}{강도0}2400- {박무}1410-{박무}{강도1}1500-1550. {박무}1945-{박무}{강도0}2100-2325.
2022-08-01,28.6,25.4,32.4,30.0,-{비}-{비}{강도0}0300-{비}{강도1}0600-{비}{강도0}0900-1130. {박무}0325-{박무}{강도1}0600-0805. {비}1625-1710. {비}1930-1955. {비}2045-{비}{강도0}2100-2150. {비}2255-{비}{강도0}2400-
2022-08-02,26.8,25.5,28.5,33.5,{박무}0145-{박무}{강도0}0300-0405. -{비}-{비}{강도1}0300-0520. {비}0550-{비}{강도0}0600-0810. {비}1045-1140. {비}1235-1255. {비}1320-{비}{강도0}1500-{비}{강도1}1800-1840. {박무}1440-{박무}{강도0}1500-{박무}{강도0}1800-1820. {비}1940-{비}{강도0}2100-{비}{강도1}2400- {박무}2215-{박무}{강도2}2400-
2022-08-03,27.1,25.2,30.0,51.1,-{비}-{비}{강도0}0300-{시정(미만)}{1km}{비}0437-{시정(이상)}{1km}{비}0502-{비}{강도1}0600-{비}{강도0}0900-1040. -{박무}-{박무}{강도1}0300-{박무}{강도2}0600-{박무}{강도1}0900-{박무}{강도0}1200-1230. {비}1130-1140. {비}1615-1630. {비}1720-1730. {비}1920-2040. {비}2230-2310.
2022-08-04,28.9,26.0,32.9,0.0,{비}0120-0145.
2022-08-05,29.4,27.0,32.7,0.0,{소나기}0345-0355. {소나기}0925-0945.
2022-08-06,28.7,27.4,30.3,13.6,{소나기}1050-{시정(미만)}{1km}{소나기}1117-{시정(이상)}{1km}{소나기}1123-1150. {박무}1145-{박무}{강도0}1200-1240. {소나기}1515-1555. {박무}2155-2245.
2022-08-07,28.9,27.2,31.7,0.9,{박무}0005-0130. {소나기}0835-{소나기}{강도0}0900-0905. {비}2040-2055. {비}2125-{비}{강도0}2400-
2022-08-08,26.8,,28.4,129.6,-{비}-0140. {비}0445-{비}{강도0}0600-{비}{강도0}0900-{비}{강도0}1200-{시정(미만)}{1km}{비}1226-{시정(이상)}{1km}{비}1310-{비}{강도0}1500-{시정(미만)}{1km}{비}1742-{시정(미만)}{0.5km}{비}1746-{비}{강도2}1800-{시정(이상)}{0.5km}{비}1801-{시정(이상)}{1km}{비}1807-{비}{강도0}2100-{시정(미만)}{1km}{비}2120-{시정(미만)}{0.5km}{비}2123-{시정(이상)}{0.5km}{비}2130-{시정(이상)}{1km}{비}2131-{시정(미만)}{1km}{비}2200-{시정(미만)}{0.5km}{비}2204- {시정(이상)}{0.5km}{비}2212-{시정(이상)}{1km}{비}2216-{비}{강도0}2400-
2022-08-09,25.1,22.0,26.5,123.1,-{비}-0115. {비}0140-{비}{강도0}0300-{비}{강도0}0600-0615. {박무}0520-{박무}{강도1}0600-0610. {비}0820-{비}{강도0}0900-{비}{강도1}1200-{비}{강도0}1500-{비}{강도2}1800-{시정(미만)}{1km}{비}1952-{시정(미만)}{0.5km}{비}2008-{시정(이상)}{0.5km}{비}2013-{시정(이상)}{1km}{비}2023-{비}{강도2}2100-{비}{강도1}2400-
2022-08-10,24.7,21.4,28.8,7.6,-{비}-0255. {비}0545-{비}{강도0}0600-0605. {비}1915-1950. {비}2120-{비}{강도0}2400- {박무}2135-2330.
2022-08-11,25.0,23.4,27.5,38.8,-{비}-{비}{강도0}0300-{시정(미만)}{1km}{비}0414-{시정(미만)}{0.5km}{비}0420-{시정(이상)}{0.5km}{비}0432-{시정(이상)}{1km}{비}0444-{비}{강도1}0600-{비}{강도0}0900-0905. {비}1135-{비}{강도0}1200-1310.
2022-08-12,27.0,23.0,32.4,,
2022-08-13,25.8,24.7,27.5,4.0,{비}1125-{비}{강도0}1200-{비}{강도0}1500-1605. {박무}1305-1430.
2022-08-14,27.6,24.5,31.5,3.0,{비}0110-0125. {소나기}1725-1750. {비}1950-2010. {비}2125-2155.
2022-08-15,28.1,26.6,29.8,0.9,{비}1745-{비}{강도0}1800-1955. {비}2125-2340. {박무}2250-2310.
2022-08-16,26.7,24.1,30.0,0.0,{비}0310-0355.
2022-08-17,26.0,22.8,30.5,0.0,{소나기}1410-1455.
2022-08-18,25.6,22.4,29.8,,
2022-08-19,26.0,23.3,27.5,66.1,{비}1210-{비}{강도0}1500-{시정(미만)}{1km}{비}1536-{시정(미만)}{0.5km}{비}1540-{시정(이상)}{0.5km}{비}1548-{시정(이상)}{1km}{비}1557-{시정(미만)}{1km}{비}1604-{시정(미만)}{0.5km}{비}1629-{시정(이상)}{0.5km}{비}1645-{시정(이상)}{1km}{비}1651-{비}{강도1}1800-1835. {비}1925-{비}{강도0}2100-2130. {박무}2120-{박무}{강도0}2400- {비}2210-{비}{강도0}2400-
2022-08-20,28.2,25.7,32.0,0.0,-{비}-0150. -{박무}-{박무}{강도0}0300-{박무}{강도0}0600-0640.
2022-08-21,28.1,24.7,32.0,,
2022-08-22,26.8,22.9,30.2,3.2,{비}1535-1555. {비}2135-2315.
2022-08-23,25.4,22.4,30.2,2.2,{비}0005-0220. {비}0325-{비}{강도0}0600-0720. {박무}0355-{박무}{강도1}0600-0705.
2022-08-24,24.8,22.4,27.9,,
2022-08-25,22.2,21.1,24.0,1.6,{비}0845-{비}{강도0}0900- {비}{강도0}1200-1435. {비}1615-1650. {비}1750-{비}{강도0}1800-1830.
2022-08-26,23.8,19.9,28.4,,
2022-08-27,21.5,17.6,25.5,17.6,{비}0140-{시정(미만)}{1km}{비}0200-{시정(이상)}{1km}{비}0206-0215.
2022-08-28,22.6,16.1,28.4,,{햇무리}0850-1150.
2022-08-29,21.0,19.5,22.5,2.2,{비}0230-{비}{강도0}0300-{비}{강도0}0600-{비}{강도0}0900-{비}{강도0}1200-1345. {비}1415-1435.
2022-08-30,19.1,17.9,20.3,35.8,{비}0125-{비}{강도0}0300-{비}{강도0}0600-{비}{강도0}0900-{비}{강도0}1200-{비}{강도0}1500-{비}{강도0}1800-{비}{강도0}2100-2140. {박무}0250-{박무}{강도1}0300-0510. {박무}1205-1355. {박무}1550-1625. {비}2250-{비}{강도0}2400-
2022-08-31,21.7,19.6,24.9,0.0,-{비}-0040. {비}0410-0510. {비}1150-{비}{강도0}1200-1335. {비}1510-1555.
2022-09-01,24.0,18.3,30.4,,
2022-09-02,24.7,20.3,29.8,,
2022-09-03,24.2,20.5,29.2,,
2022-09-04,22.3,19.8,24.0,33.8,{비}0540-{비}{강도0}0600-0620. {비}0840-{비}{강도0}0900-{비}{강도0}1200-1450. {비}1710-{비}{강도0}1800-{비}{강도0}2100-{비}{강도0}2400-
2022-09-05,19.2,17.7,22.7,120.0,-{비}-{비}{강도0}0300-{비}{강도0}0600-{비}{강도0}0900-{비}{강도1}1200-{비}{강도1}1500-{비}{강도1}1800-{비}{강도1}2100-{비}{강도1}2400- {박무}0935-{박무}{강도1}1200-{박무}{강도1}1500-{박무}{강도1}1800-{박무}{강도1}2100-{박무}{강도0}2400-
2022-09-06,21.0,17.0,26.3,25.3,-{비}-{비}{강도1}0300-{비}{강도0}0600-0855. -{박무}-{박무}{강도1}0300-{박무}{강도0}0600-0610.
2022-09-07,22.8,17.9,28.1,,{박무}0330-{박무}{강도0}0600-0610.
2022-09-08,23.2,16.7,29.5,,
2022-09-09,24.3,18.9,30.8,,
2022-09-10,23.6,19.0,28.4,,
2022-09-11,23.3,20.6,26.4,0.1,{비}1655-{비}{강도0}1800-1845.
2022-09-12,23.8,20.3,27.5,,{달코로나}2350-
2022-09-13,24.3,21.8,26.4,0.0,-{달코로나}-0050. {비}1255-{비}{강도0}1500-1625. {비}1940-2015. {비}2305-2350.
2022-09-14,24.6,22.7,27.9,0.0,{비}0325-0435. {햇무리}1230-1520.
2022-09-15,25.2,22.0,28.3,0.1,{비}2315-2330. {비}2350-{비}{강도0}2400-
2022-09-16,25.7,23.4,29.9,14.6,-{비}-0010. {비}0125-0140. {비}1405-1430. {비}1610-1755. {비}2025-2035. {비}2115-{비}{강도1}2400- {박무}2335-{박무}{강도1}2400-
2022-09-17,25.6,23.3,29.4,4.3,-{박무}-0105. -{비}-0110. {비}0315-0335. {박무}0505-{박무}{강도0}0600-0605. {비}0710-0735. {박무}0820-{박무}{강도0}0900-0910.
2022-09-18,27.1,23.0,32.5,,
2022-09-19,24.6,19.5,29.6,,
2022-09-20,19.9,16.1,24.6,,
2022-09-21,19.4,13.0,25.6,,
2022-09-22,19.8,14.2,24.7,,
2022-09-23,17.5,14.7,22.2,3.3,{비}1115-1155.
2022-09-24,18.5,12.3,24.2,,
2022-09-25,19.6,15.4,25.2,,
2022-09-26,20.0,14.8,25.4,,
2022-09-27,20.9,14.0,28.0,,
2022-09-28,20.4,16.1,26.1,,{박무}2030-{박무}{강도0}2100-{박무}{강도1}2400-
2022-09-29,20.4,16.4,26.5,,-{박무}-{박무}{강도0}0300-{박무}{강도0}0600-{박무}{강도1}0900-1125. {연무}1120-{연무}{강도0}1200-1255.
2022-09-30,20.7,14.8,27.7,,{박무}0620-0755. {연무}1850-2005.
2022-10-01,20.9,14.4,27.6,,{연무}1010-{연무}{강도0}1200-1205.
2022-10-02,19.4,17.2,21.6,15.8,{비}0445-{비}{강도0}0600-{비}{강도0}0900-0935. {비}1255-{비}{강도0}1500-1555. {비}1645-{비}{강도1}1800-{비}{강도0}2100-{비}{강도0}2400- {박무}1845-1940. {박무}2220-{박무}{강도1}2400-
2022-10-03,21.4,17.5,23.4,76.0,-{비}-{비}{강도1}0300-{비}{강도0}0600-{비}{강도0}0900-{시정(미만)}{1km}{비}1147-{시정(이상)}{1km}{비}1158-{비}{강도1}1200-{비}{강도0}1500-1550. -{박무}-{박무}{강도2}0300-{박무}{강도0}0600-{박무}{강도2}0900-{박무}{강도2}1200-{박무}{강도0}1500-1555. {비}1630-1645. {비}1730-{비}{강도0}1800-{비}{강도1}2100-{비}{강도1}2400- {박무}1750-{박무}{강도0}1800-1830. {박무}1905-{박무}{강도0}2100-{박무}{강도0}2400-
2022-10-04,17.9,14.2,23.0,11.8,-{박무}-0155. -{비}-{비}{강도0}0300-0355. {비}0430-{비}{강도0}0600-{안개비}0715-0740. {박무}0710-0735.
2022-10-05,16.6,14.1,21.6,0.1,{비}0315-{비}{강도0}0600-0650.
2022-10-06,15.8,12.7,19.1,0.0,{비}1635-{비}{강도0}1800-1850.
2022-10-07,14.3,11.0,18.6,,
2022-10-08,15.8,11.1,21.6,,
2022-10-09,13.1,10.7,14.5,20.4,{비}0820-{비}{강도0}0900-{비}{강도0}1200-{비}{강도0}1500-{비}{강도0}1800-{비}{강도0}2100-2125. {박무}1145-{박무}{강도0}1200-1220. {박무}1305-{박무}{강도0}1500-1620. {박무}1710-{박무}{강도0}1800-1940. {비}2245-2320.
2022-10-10,9.9,8.2,11.9,0.0,{비}0055-0120. {비}1225-1335. {비}1410-{비}{강도0}1500-1555. {비}1705-1745. {비}2005-2040.
2022-10-11,11.1,7.4,16.4,,
2022-10-12,13.5,6.5,20.6,,
2022-10-13,16.3,10.7,22.7,,
2022-10-14,17.1,12.4,23.0,,
2022-10-15,18.2,12.6,24.4,,
2022-10-16,16.9,15.1,20.5,,
2022-10-17,11.2,7.4,15.1,,
2022-10-18,9.4,5.0,14.2,,
2022-10-19,10.5,4.4,16.8,,
2022-10-20,12.9,6.0,19.7,,
2022-10-21,14.0,8.8,20.9,,{연무}2015-{연무}{강도0}2100-2220. {박무}2215-{박무}{강도0}2400-
2022-10-22,15.1,10.5,20.8,,-{박무}-{박무}{강도0}0300-{박무}{강도0}0600-{박무}{강도0}0900-1010.
2022-10-23,14.0,10.4,18.6,,{박무}0105-{박무}{강도0}0300-{박무}{강도0}0600-0815.
2022-10-24,10.6,7.5,14.8,,
2022-10-25,11.3,5.9,17.6,,
2022-10-26,12.9,8.0,17.8,,
2022-10-27,13.2,8.6,18.9,,
2022-10-28,13.6,8.2,20.6,,
2022-10-29,14.8,10.2,21.3,,
2022-10-30,14.9,10.4,21.3,,
2022-10-31,14.9,11.2,21.1,,{박무}2250-{박무}{강도0}2400-
2022-11-01,13.1,9.4,17.8,,-{박무}-{박무}{강도0}0300-{박무}{강도0}0600-{박무}{강도0}0900-0950. {박무}1150-{박무}{강도0}1200-1259. {연무}1257-1410.
2022-11-02,11.1,5.5,17.9,,
2022-11-03,9.3,5.6,13.4,0.0,{비}1345-1430. {비}1520-1620.
2022-11-04,4.9,1.6,9.8,,
2022-11-05,6.5,0.8,13.6,,
2022-11-06,9.6,3.7,16.4,,{달코로나}2350-
2022-11-07,11.4,6.1,16.6,0.0,-{달코로나}-0130. {비}2245-2255.
2022-11-08,12.9,9.7,17.9,,{박무}0645-{박무}{강도0}0900-0915.
2022-11-09,11.4,6.7,16.0,,{박무}0010-{박무}{강도0}0300-{박무}{강도0}0600-{박무}{강도0}0900-1050. {연무}1045-{연무}{강도0}1200-1315. {연무}1605-{연무}{강도0}1800-{연무}{강도0}2100-2155. {박무}2150-{박무}{강도0}2400-
2022-11-10,13.5,8.8,19.1,,-{박무}-{박무}{강도0}0300-{박무}{강도1}0600-{박무}{강도1}0900-1120. {연무}1115-{연무}{강도0}1200-{연무}{강도0}1500-1710. {연무}1815-{연무}{강도0}2100-2335. {박무}2330-{박무}{강도0}2400-
2022-11-11,15.6,10.9,22.1,,-{박무}-0155.
2022-11-12,16.3,11.6,22.0,57.9,{비}1410-{비}{강도0}1500-1540. {박무}1430-{박무}{강도0}1500-{박무}{강도1}1800-{박무}{강도2}2100-2225. {비}1640-1755. {비}1810-{시정(미만)}{1km}{비}2038-{시정(미만)}{0.5km}{비}2055-{비}{강도2}2100-{시정(이상)}{0.5km}{비}2102-{시정(이상)}{1km}{비}2115-{시정(미만)}{1km}{비}2140-{시정(이상)}{1km}{비}2148-2255.
2022-11-13,10.3,8.7,17.3,,
2022-11-14,9.7,5.9,13.8,,
2022-11-15,8.1,4.0,12.3,1.6,{비}1305-1325. {비}1415-1455. {비}2015-{비}{강도0}2100-2130. {박무}2150-{박무}{강도0}2400-
2022-11-16,8.5,5.5,13.0,,-{박무}-{박무}{강도1}0300-{박무}{강도1}0600-{박무}{강도1}0900-1045.
2022-11-17,10.2,5.4,16.6,,
2022-11-18,11.0,5.3,18.1,,{박무}0510-{박무}{강도0}0600-{박무}{강도0}0900-0910.
2022-11-19,12.9,8.7,19.2,,
2022-11-20,13.7,9.5,20.2,,
2022-11-21,11.8,9.3,16.2,,{박무}2205-{박무}{강도0}2400-
2022-11-22,10.7,7.0,13.7,0.0,-{박무}-{박무}{강도0}0300-{박무}{강도0}0600-{박무}{강도0}0900-1010. {비}2125-2335.
2022-11-23,10.8,6.8,15.2,0.0,{비}0115-0215. {비}0505-0515. {비}0605-0625.
2022-11-24,9.4,5.9,14.1,,{박무}2150-{박무}{강도0}2400-
2022-11-25,12.3,7.1,17.8,1.7,-{박무}-{박무}{강도0}0300-{박무}{강도0}0600-{박무}{강도0}0900-1010. {연무}1005-1145. {비}2201-2320. {박무}2210-{박무}{강도0}2400-
2022-11-26,6.7,1.0,12.9,,-{박무}-{박무}{강도0}0300-{박무}{강도0}0600-0610.
2022-11-27,5.4,-1.1,11.5,,
2022-11-28,12.3,7.5,15.0,19.5,{비}0555-{비}{강도0}0600-0655. {비}0735-0810. {비}1105-1125. {비}1305-{비}{강도0}1500-1505. {비}1620-{비}{강도0}1800-{시정(미만)}{1km}{비}2019-{시정(이상)}{1km}{비}2032-{비}{강도1}2100-{비}{강도0}2400- {박무}1650-{박무}{강도1}1800-{박무}{강도2}2100-{박무}{강도1}2400-
2022-11-29,6.9,-1.6,15.0,3.8,-{비}-{시정(미만)}{1km}{비}0113-{시정(이상)}{1km}{비}0137-{비}{강도0}0300-{비}{강도0}0600-0635. -{박무}-0205. {박무}0310-0410. {눈}2220-2320.
2022-11-30,-5.4,-8.1,-1.6,,
2022-12-01,-5.4,-9.4,-1.2,,
2022-12-02,-2.5,-7.6,3.0,,
2022-12-03,2.1,-0.3,7.0,1.1,{눈}0250-{눈}{강도0}0300-{눈}{강도0}0600-{눈}{강도0}0900-1010.
2022-12-04,-3.5,-5.2,-0.2,,
2022-12-05,-3.1,-7.0,1.9,,
2022-12-06,0.9,-3.9,5.3,0.1,{눈}0405-{눈}{강도0}0600-0615. {눈}0735-{눈}{강도0}0900-1010.
2022-12-07,4.9,1.2,9.0,0.1,{눈}0050-{눈}{강도0}0300-{진눈깨비}0320-0410.
2022-12-08,3.7,0.1,9.1,,
2022-12-09,4.5,0.9,10.2,0.0,{비}0640-0715.
2022-12-10,2.6,-0.6,6.7,,
2022-12-11,1.6,-1.5,6.8,,
2022-12-12,2.0,-2.0,6.3,5.4,{비}1515-{비}{강도0}1800-1950. {박무}1650-{박무}{강도1}1800-1955. {박무}2050-{박무}{강도0}2100-2350. {비}2315-2345.
2022-12-13,0.0,-6.4,3.1,0.6,{황사}0045-{황사}{강도0}0300-{황사}{강도0}0600-{황사}{강도0}0900-{황사}{강도0}1200-{황사}{강도0}1500-1750. {눈}0550-{눈}{강도0}0600-0615. {눈}0830-0850. {눈}1335-{눈}{강도0}1500-{눈}{강도0}1800-1845. {박무}1430-{박무}{강도0}1500-1725. {눈}2035-2050.
2022-12-14,-8.4,-11.0,-4.9,,
2022-12-15,-4.5,-8.5,-1.3,2.4,{눈}0115-0155. {눈}0820-{눈}{강도0}0900-1030. {눈}1125-{눈}{강도0}1200-{시정(미만)}{1km}{눈}1259-{시정(이상)}{1km}{눈}1325-{시정(미만)}{1km}{눈}1358-{시정(이상)}{1km}{눈}1419-{눈}{강도0}1500-1515. {박무}1510-{박무}{강도0}1800-1930.
2022-12-16,-6.3,-9.6,-2.2,,
2022-12-17,-7.0,-9.8,-3.2,0.2,{눈}0610-0830.
2022-12-18,-9.5,-12.4,-5.6,,
2022-12-19,-7.0,-12.0,-2.5,,
2022-12-20,-3.2,-9.5,2.9,,
2022-12-21,-0.1,-2.6,2.6,3.6,{눈}0350-{눈}{강도0}0600-{눈}{강도0}0900-1025. {박무}1020-{박무}{강도0}1200-{박무}{강도0}1500-{박무}{강도1}1800-2015. {눈}1135-1155. {눈}1235-1320. {진눈깨비}1850-{눈}1945-2020.
2022-12-22,-7.8,-11.3,-2.6,,
2022-12-23,-11.8,-13.7,-8.6,,
2022-12-24,-8.4,-13.5,-2.0,,
2022-12-25,-5.4,-9.6,0.2,,
2022-12-26,-3.9,-7.9,1.7,,
2022-12-27,-2.6,-7.3,3.3,,
2022-12-28,-3.3,-6.0,0.1,0.1,{눈}0245-{눈}{강도0}0300-0545.
2022-12-29,-2.9,-7.8,2.1,0.0,{눈}1940-{눈}{강도0}2100-{눈}{강도0}2400-
2022-12-30,-1.8,-4.4,2.3,0.0,-{눈}-0235. {박무}0735-{박무}{강도0}0900-0910.
2022-12-31,-1.2,-5.1,2.1,0.0,{눈}0505-0520. {눈}0855-{눈}{강도0}0900-0915. {눈}1230-1320.
